country,iso3,week_end_date,total_confirmed_cases,total_suspected_cases,total_deaths,total_suspected_deaths,new_confirmed_cases,new_suspected_cases,new_deaths,new_suspected_deaths
Benin,BEN,2022-02-27,0,NA,0,NA,0,NA,0,NA
Benin,BEN,2022-02-06,0,NA,0,NA,0,NA,0,NA
Benin,BEN,2022-05-01,0,NA,0,NA,0,NA,0,NA
Benin,BEN,2022-06-05,0,NA,0,NA,0,NA,0,NA
Benin,BEN,2022-01-30,0,NA,0,NA,0,NA,0,NA
Benin,BEN,2022-04-24,0,NA,0,NA,0,NA,0,NA
Benin,BEN,2022-05-29,0,NA,0,NA,0,NA,0,NA
Benin,BEN,2022-05-22,0,NA,0,NA,0,NA,0,NA
Cameroon,CMR,2022-02-06,0,NA,0,NA,0,NA,0,NA
Benin,BEN,2022-01-09,0,NA,0,NA,0,NA,0,NA
Benin,BEN,2022-04-03,0,NA,0,NA,0,NA,0,NA
Benin,BEN,2022-05-08,0,NA,0,NA,0,NA,0,NA
Congo,COG,2022-02-06,0,NA,0,NA,0,NA,0,NA
Congo,COG,2022-03-13,0,NA,0,NA,0,NA,0,NA
Congo,COG,2022-01-16,0,NA,0,NA,0,NA,0,NA
Congo,COG,2022-02-20,0,NA,0,NA,0,NA,0,NA
Cameroon,CMR,2022-01-30,0,NA,0,NA,0,NA,0,NA
Congo,COG,2022-03-27,0,NA,0,NA,0,NA,0,NA
Congo,COG,2024-08-25,47,184,2,0,0,15,0,0
Cameroon,CMR,2022-01-16,0,NA,0,NA,0,NA,0,NA
Cameroon,CMR,2022-02-20,0,NA,0,NA,0,NA,0,NA
Côte d’Ivoire,CIV,2024-06-30,0,0,0,0,0,0,0,0
Democratic Republic of the Congo,COD,2022-01-16,0,NA,0,NA,0,NA,0,NA
Democratic Republic of the Congo,COD,2022-04-10,0,NA,0,NA,0,NA,0,NA
Democratic Republic of the Congo,COD,2022-05-15,0,NA,0,NA,0,NA,0,NA
Congo,COG,2022-01-23,0,NA,0,NA,0,NA,0,NA
Congo,COG,2022-04-17,0,NA,0,NA,0,NA,0,NA
Cameroon,CMR,2022-02-13,0,NA,0,NA,0,NA,0,NA
Democratic Republic of the Congo,COD,2022-02-20,0,NA,0,NA,0,NA,0,NA
Democratic Republic of the Congo,COD,2022-03-27,0,NA,0,NA,0,NA,0,NA
Cameroon,CMR,2022-01-23,0,NA,0,NA,0,NA,0,NA
Cameroon,CMR,2022-02-27,0,NA,0,NA,0,NA,0,NA
Congo,COG,2022-02-27,0,NA,0,NA,0,NA,0,NA
Congo,COG,2022-04-03,0,NA,0,NA,0,NA,0,NA
Gabon,GAB,2024-08-18,0,0,0,0,0,0,0,0
Democratic Republic of the Congo,COD,2022-01-09,0,NA,0,NA,0,NA,0,NA
Democratic Republic of the Congo,COD,2022-04-03,0,NA,0,NA,0,NA,0,NA
Democratic Republic of the Congo,COD,2022-05-08,0,NA,0,NA,0,NA,0,NA
Ghana,GHA,2022-01-23,0,NA,0,NA,0,NA,0,NA
Congo,COG,2022-01-30,0,NA,0,NA,0,NA,0,NA
Democratic Republic of the Congo,COD,2022-02-06,0,NA,0,NA,0,NA,0,NA
Democratic Republic of the Congo,COD,2022-05-01,0,NA,0,NA,0,NA,0,NA
Democratic Republic of the Congo,COD,2022-03-13,0,NA,0,NA,0,NA,0,NA
Democratic Republic of the Congo,COD,2022-04-17,0,NA,0,NA,0,NA,0,NA
Liberia,LBR,2022-02-06,0,NA,0,NA,0,NA,0,NA
Liberia,LBR,2022-03-13,0,NA,0,NA,0,NA,0,NA
Liberia,LBR,2022-04-17,0,NA,0,NA,0,NA,0,NA
Liberia,LBR,2022-07-10,0,NA,0,NA,0,NA,0,NA
Congo,COG,2022-01-09,0,NA,0,NA,0,NA,0,NA
Congo,COG,2022-02-13,0,NA,0,NA,0,NA,0,NA
Congo,COG,2022-03-20,0,NA,0,NA,0,NA,0,NA
Mozambique,MOZ,2022-03-27,0,NA,0,NA,0,NA,0,NA
Mozambique,MOZ,2022-05-01,0,NA,0,NA,0,NA,0,NA
Mozambique,MOZ,2022-06-05,0,NA,0,NA,0,NA,0,NA
Mozambique,MOZ,2022-08-28,0,NA,0,NA,0,NA,0,NA
Democratic Republic of the Congo,COD,2022-01-23,0,NA,0,NA,0,NA,0,NA
Democratic Republic of the Congo,COD,2022-02-27,0,NA,0,NA,0,NA,0,NA
Ghana,GHA,2022-01-30,0,NA,0,NA,0,NA,0,NA
Ghana,GHA,2022-01-16,0,NA,0,NA,0,NA,0,NA
Ghana,GHA,2022-02-20,0,NA,0,NA,0,NA,0,NA
Mozambique,MOZ,2022-10-02,0,NA,0,NA,0,NA,0,NA
Ghana,GHA,2022-02-13,0,NA,0,NA,0,NA,0,NA
Liberia,LBR,2022-03-06,0,NA,0,NA,0,NA,0,NA
Liberia,LBR,2022-04-10,0,NA,0,NA,0,NA,0,NA
Liberia,LBR,2022-07-03,0,NA,0,NA,0,NA,0,NA
Rwanda,RWA,2024-07-21,0,0,0,0,0,0,0,0
Liberia,LBR,2022-03-27,0,NA,0,NA,0,NA,0,NA
Liberia,LBR,2022-05-01,0,NA,0,NA,0,NA,0,NA
Liberia,LBR,2022-06-05,0,NA,0,NA,0,NA,0,NA
Liberia,LBR,2022-01-30,0,NA,0,NA,0,NA,0,NA
Liberia,LBR,2022-04-24,0,NA,0,NA,0,NA,0,NA
Liberia,LBR,2022-05-29,0,NA,0,NA,0,NA,0,NA
Mozambique,MOZ,2022-01-09,0,NA,0,NA,0,NA,0,NA
Mozambique,MOZ,2022-04-03,0,NA,0,NA,0,NA,0,NA
Mozambique,MOZ,2022-05-08,0,NA,0,NA,0,NA,0,NA
Mozambique,MOZ,2022-07-31,0,NA,0,NA,0,NA,0,NA
Mozambique,MOZ,2022-09-04,0,NA,0,NA,0,NA,0,NA
South Africa,ZAF,2022-01-09,0,NA,0,NA,0,NA,0,NA
South Africa,ZAF,2022-04-03,0,NA,0,NA,0,NA,0,NA
South Africa,ZAF,2022-05-08,0,NA,0,NA,0,NA,0,NA
South Africa,ZAF,2022-06-12,0,NA,0,NA,0,NA,0,NA
Mozambique,MOZ,2022-02-13,0,NA,0,NA,0,NA,0,NA
Mozambique,MOZ,2022-03-20,0,NA,0,NA,0,NA,0,NA
Mozambique,MOZ,2022-06-12,0,NA,0,NA,0,NA,0,NA
Mozambique,MOZ,2022-07-17,0,NA,0,NA,0,NA,0,NA
Mozambique,MOZ,2022-02-06,0,NA,0,NA,0,NA,0,NA
Mozambique,MOZ,2022-03-13,0,NA,0,NA,0,NA,0,NA
Mozambique,MOZ,2022-04-17,0,NA,0,NA,0,NA,0,NA
Mozambique,MOZ,2022-07-10,0,NA,0,NA,0,NA,0,NA
Mozambique,MOZ,2022-08-14,0,NA,0,NA,0,NA,0,NA
Liberia,LBR,2022-02-13,0,NA,0,NA,0,NA,0,NA
Liberia,LBR,2022-03-20,0,NA,0,NA,0,NA,0,NA
Liberia,LBR,2022-06-12,0,NA,0,NA,0,NA,0,NA
Liberia,LBR,2022-07-17,0,NA,0,NA,0,NA,0,NA
Liberia,LBR,2022-01-16,0,NA,0,NA,0,NA,0,NA
Liberia,LBR,2022-02-20,0,NA,0,NA,0,NA,0,NA
Liberia,LBR,2022-05-15,0,NA,0,NA,0,NA,0,NA
Liberia,LBR,2022-06-19,0,NA,0,NA,0,NA,0,NA
Liberia,LBR,2022-07-24,0,NA,0,NA,0,NA,0,NA
South Africa,ZAF,2022-02-13,0,NA,0,NA,0,NA,0,NA
South Africa,ZAF,2022-03-20,0,NA,0,NA,0,NA,0,NA
South Africa,ZAF,2022-04-24,0,NA,0,NA,0,NA,0,NA
Mozambique,MOZ,2022-01-30,0,NA,0,NA,0,NA,0,NA
Mozambique,MOZ,2022-04-24,0,NA,0,NA,0,NA,0,NA
Mozambique,MOZ,2022-05-29,0,NA,0,NA,0,NA,0,NA
Mozambique,MOZ,2022-08-21,0,NA,0,NA,0,NA,0,NA
Mozambique,MOZ,2022-09-25,0,NA,0,NA,0,NA,0,NA
South Africa,ZAF,2022-01-23,0,NA,0,NA,0,NA,0,NA
South Africa,ZAF,2022-02-27,0,NA,0,NA,0,NA,0,NA
South Africa,ZAF,2022-05-22,0,NA,0,NA,0,NA,0,NA
South Africa,ZAF,2022-06-26,0,NA,0,NA,0,NA,0,NA
South Africa,ZAF,2022-02-20,0,NA,0,NA,0,NA,0,NA
South Africa,ZAF,2022-03-27,0,NA,0,NA,0,NA,0,NA
South Africa,ZAF,2022-06-19,0,NA,0,NA,0,NA,0,NA
Mozambique,MOZ,2022-01-23,0,NA,0,NA,0,NA,0,NA
Mozambique,MOZ,2022-02-27,0,NA,0,NA,0,NA,0,NA
Mozambique,MOZ,2022-05-22,0,NA,0,NA,0,NA,0,NA
Mozambique,MOZ,2022-06-26,0,NA,0,NA,0,NA,0,NA
Mozambique,MOZ,2022-09-18,0,NA,0,NA,0,NA,0,NA
Uganda,UGA,2024-06-30,0,0,0,0,0,0,0,0
South Africa,ZAF,2022-01-16,0,NA,0,NA,0,NA,0,NA
South Africa,ZAF,2022-04-10,0,NA,0,NA,0,NA,0,NA
South Africa,ZAF,2022-05-15,0,NA,0,NA,0,NA,0,NA
South Africa,ZAF,2022-01-30,0,NA,0,NA,0,NA,0,NA
South Africa,ZAF,2022-03-06,0,NA,0,NA,0,NA,0,NA
South Africa,ZAF,2022-05-29,0,NA,0,NA,0,NA,0,NA
Benin,BEN,2022-01-16,0,NA,0,NA,0,NA,0,NA
Benin,BEN,2022-02-20,0,NA,0,NA,0,NA,0,NA
Benin,BEN,2022-03-27,0,NA,0,NA,0,NA,0,NA
Benin,BEN,2022-06-19,0,NA,0,NA,0,NA,0,NA
Burundi,BDI,2024-07-21,0,0,0,0,0,0,0,0
Cameroon,CMR,2022-01-09,0,NA,0,NA,0,NA,0,NA
Congo,COG,2022-03-06,0,NA,0,NA,0,NA,0,NA
Congo,COG,2022-04-10,0,NA,0,NA,0,NA,0,NA
Democratic Republic of the Congo,COD,2022-02-13,0,NA,0,NA,0,NA,0,NA
Democratic Republic of the Congo,COD,2022-03-20,0,NA,0,NA,0,NA,0,NA
Democratic Republic of the Congo,COD,2022-04-24,0,NA,0,NA,0,NA,0,NA
Liberia,LBR,2022-01-23,0,NA,0,NA,0,NA,0,NA
Liberia,LBR,2022-02-27,0,NA,0,NA,0,NA,0,NA
Liberia,LBR,2022-05-22,0,NA,0,NA,0,NA,0,NA
Liberia,LBR,2022-06-26,0,NA,0,NA,0,NA,0,NA
Mozambique,MOZ,2022-01-16,0,NA,0,NA,0,NA,0,NA
Mozambique,MOZ,2022-02-20,0,NA,0,NA,0,NA,0,NA
Mozambique,MOZ,2022-05-15,0,NA,0,NA,0,NA,0,NA
Mozambique,MOZ,2022-06-19,0,NA,0,NA,0,NA,0,NA
Mozambique,MOZ,2022-07-24,0,NA,0,NA,0,NA,0,NA
Rwanda,RWA,2024-07-14,0,0,0,0,0,0,0,0
South Africa,ZAF,2022-02-06,0,NA,0,NA,0,NA,0,NA
South Africa,ZAF,2022-05-01,0,NA,0,NA,0,NA,0,NA
South Africa,ZAF,2022-06-05,0,NA,0,NA,0,NA,0,NA
Democratic Republic of the Congo,COD,2022-01-30,0,NA,0,NA,0,NA,0,NA
Democratic Republic of the Congo,COD,2022-03-06,0,NA,0,NA,0,NA,0,NA
Democratic Republic of the Congo,COD,2024-08-18,5850,18708,27,641,252,1554,0,35
Ghana,GHA,2022-02-06,0,NA,0,NA,0,NA,0,NA
Kenya,KEN,2024-07-21,0,0,0,0,0,0,0,0
Liberia,LBR,2022-01-09,0,NA,0,NA,0,NA,0,NA
Liberia,LBR,2022-04-03,0,NA,0,NA,0,NA,0,NA
Liberia,LBR,2022-05-08,0,NA,0,NA,0,NA,0,NA
Mozambique,MOZ,2022-03-06,0,NA,0,NA,0,NA,0,NA
Mozambique,MOZ,2022-04-10,0,NA,0,NA,0,NA,0,NA
Mozambique,MOZ,2022-07-03,0,NA,0,NA,0,NA,0,NA
Mozambique,MOZ,2022-08-07,0,NA,0,NA,0,NA,0,NA
Mozambique,MOZ,2022-09-11,0,NA,0,NA,0,NA,0,NA
South Africa,ZAF,2022-03-13,0,NA,0,NA,0,NA,0,NA
South Africa,ZAF,2022-04-17,0,NA,0,NA,0,NA,0,NA
Uganda,UGA,2024-08-25,6,93,0,0,1,8,0,0
Democratic Republic of the Congo,COD,2024-08-25,6092,20606,27,686,242,1898,0,45
Benin,BEN,2022-07-03,3,NA,0,NA,0,NA,0,NA
Benin,BEN,2022-08-07,3,NA,0,NA,0,NA,0,NA
Benin,BEN,2022-10-30,3,NA,0,NA,0,NA,0,NA
Benin,BEN,2022-12-04,3,NA,0,NA,0,NA,0,NA
Benin,BEN,2023-01-08,3,NA,0,NA,0,NA,0,NA
Benin,BEN,2023-04-02,3,NA,0,NA,0,NA,0,NA
Benin,BEN,2023-05-07,3,NA,0,NA,0,NA,0,NA
Benin,BEN,2023-07-30,3,NA,0,NA,0,NA,0,NA
Benin,BEN,2023-09-03,3,NA,0,NA,0,NA,0,NA
Benin,BEN,2023-11-26,3,NA,0,NA,0,NA,0,NA
Benin,BEN,2023-12-31,3,NA,0,NA,0,NA,0,NA
Benin,BEN,2024-02-04,3,NA,0,NA,0,NA,0,NA
Benin,BEN,2024-04-28,3,NA,0,NA,0,NA,0,NA
Benin,BEN,2024-06-02,3,NA,0,NA,0,NA,0,NA
Benin,BEN,2022-09-11,3,NA,0,NA,0,NA,0,NA
Benin,BEN,2022-10-16,3,NA,0,NA,0,NA,0,NA
Benin,BEN,2022-11-20,3,NA,0,NA,0,NA,0,NA
Benin,BEN,2023-02-12,3,NA,0,NA,0,NA,0,NA
Benin,BEN,2023-03-19,3,NA,0,NA,0,NA,0,NA
Benin,BEN,2023-06-11,3,NA,0,NA,0,NA,0,NA
Benin,BEN,2023-07-16,3,NA,0,NA,0,NA,0,NA
Benin,BEN,2023-10-08,3,NA,0,NA,0,NA,0,NA
Benin,BEN,2023-11-12,3,NA,0,NA,0,NA,0,NA
Benin,BEN,2023-12-17,3,NA,0,NA,0,NA,0,NA
Benin,BEN,2024-03-10,3,NA,0,NA,0,NA,0,NA
Benin,BEN,2024-04-14,3,NA,0,NA,0,NA,0,NA
Benin,BEN,2024-07-07,3,NA,0,NA,0,NA,0,NA
Benin,BEN,2022-09-18,3,NA,0,NA,0,NA,0,NA
Benin,BEN,2022-10-23,3,NA,0,NA,0,NA,0,NA
Benin,BEN,2023-01-15,3,NA,0,NA,0,NA,0,NA
Benin,BEN,2023-02-19,3,NA,0,NA,0,NA,0,NA
Benin,BEN,2023-05-14,3,NA,0,NA,0,NA,0,NA
Benin,BEN,2023-06-18,3,NA,0,NA,0,NA,0,NA
Benin,BEN,2023-07-23,3,NA,0,NA,0,NA,0,NA
Benin,BEN,2023-10-15,3,NA,0,NA,0,NA,0,NA
South Africa,ZAF,2024-08-11,29,24,3,3,0,0,0,0
Rwanda,RWA,2024-08-18,4,4,0,0,0,0,0,0
South Africa,ZAF,2024-08-18,29,24,3,3,0,0,0,0
Uganda,UGA,2024-08-11,3,70,0,0,1,18,0,0
Benin,BEN,2024-08-11,3,NA,0,NA,0,NA,0,NA
Liberia,LBR,2024-08-18,23,66,0,0,0,5,0,0
Rwanda,RWA,2024-08-11,4,4,0,0,0,0,0,0
Uganda,UGA,2024-08-18,5,85,0,0,2,15,0,0
Egypt,EGY,2022-12-18,3,0,0,0,1,0,0,0
Egypt,EGY,2022-12-11,2,0,0,0,1,0,0,0
Morocco,MAR,2022-06-12,1,0,0,0,0,0,0,0
Morocco,MAR,2022-06-12,1,0,0,0,0,0,0,0
Morocco,MAR,2022-09-04,3,0,0,0,2,0,0,0
Morocco,MAR,2022-06-05,1,0,0,0,1,0,0,0
Sudan,SDN,2022-09-11,4,0,0,0,2,0,0,0
Sudan,SDN,2022-08-07,1,0,0,0,1,0,0,0
Sudan,SDN,2022-09-25,7,0,1,0,1,0,0,0
Sudan,SDN,2022-10-02,17,0,1,0,10,0,0,0
Sudan,SDN,2022-09-18,6,0,1,0,2,0,1,0
Morocco,MAR,2022-06-12,1,0,0,0,0,0,0,0
Morocco,MAR,2022-06-19,1,0,0,0,0,0,0,0
Sudan,SDN,2022-08-14,2,0,0,0,1,0,0,0
Sudan,SDN,2022-10-23,18,0,1,0,1,0,0,0
Morocco,MAR,2022-06-12,1,0,0,0,0,0,0,0
Sudan,SDN,2023-04-09,19,0,1,0,1,0,0,0
Egypt,EGY,2022-10-02,1,0,0,0,1,0,0,0
Morocco,MAR,2022-06-19,1,0,0,0,0,0,0,0
Burundi,BDI,2024-09-01,328,1129,0,0,97,309,0,0
Kenya,KEN,2024-09-01,4,80,0,0,2,28,0,0
Uganda,UGA,2024-09-01,10,109,0,0,4,16,0,0
Ghana,GHA,2024-08-25,127,NA,4,NA,0,NA,0,NA
Guinea,GIN,2024-09-01,1,5,0,0,1,5,0,0
Liberia,LBR,2024-09-01,24,85,0,0,1,12,0,0
Liberia,LBR,2024-08-25,23,73,0,0,0,7,0,0
Gabon,GAB,2024-09-01,2,15,0,0,1,9,0,0
Ghana,GHA,2024-09-01,127,NA,4,NA,0,NA,0,NA
Gabon,GAB,2024-08-25,1,6,0,0,1,6,0,0
Morocco,MAR,2024-03-17,5,0,0,0,1,0,0,0
Morocco,MAR,2023-10-08,4,0,0,0,1,0,0,0
Nigeria,NGA,2024-08-25,911,881,9,0,10,68,0,0
Kenya,KEN,2024-08-25,2,52,0,0,1,20,0,0
Benin,BEN,2022-02-13,0,NA,0,NA,0,NA,0,NA
Benin,BEN,2022-03-20,0,NA,0,NA,0,NA,0,NA
Benin,BEN,2022-06-12,0,NA,0,NA,0,NA,0,NA
Benin,BEN,2022-03-06,0,NA,0,NA,0,NA,0,NA
Benin,BEN,2022-04-10,0,NA,0,NA,0,NA,0,NA
Benin,BEN,2022-05-15,0,NA,0,NA,0,NA,0,NA
Benin,BEN,2022-03-13,0,NA,0,NA,0,NA,0,NA
Benin,BEN,2022-04-17,0,NA,0,NA,0,NA,0,NA
Benin,BEN,2022-01-23,0,NA,0,NA,0,NA,0,NA
Liberia,LBR,2022-09-18,3,NA,0,NA,0,NA,0,NA
Liberia,LBR,2022-10-23,3,NA,0,NA,0,NA,0,NA
Liberia,LBR,2023-01-15,6,NA,0,NA,0,NA,0,NA
Liberia,LBR,2023-02-12,7,NA,0,NA,0,NA,0,NA
Liberia,LBR,2023-06-11,12,NA,0,NA,0,NA,0,NA
Liberia,LBR,2023-09-03,12,NA,0,NA,0,NA,0,NA
Liberia,LBR,2023-10-08,12,NA,0,NA,0,NA,0,NA
Liberia,LBR,2024-02-25,20,17,0,0,0,0,0,0
Liberia,LBR,2024-03-24,21,26,0,0,0,0,0,0
Liberia,LBR,2024-04-21,22,36,0,0,0,0,0,0
Liberia,LBR,2024-05-26,22,36,0,0,0,0,0,0
Mozambique,MOZ,2022-12-11,1,NA,1,NA,0,NA,0,NA
Mozambique,MOZ,2023-01-15,1,NA,1,NA,0,NA,0,NA
Mozambique,MOZ,2023-04-09,1,NA,1,NA,0,NA,0,NA
Mozambique,MOZ,2023-05-14,1,NA,1,NA,0,NA,0,NA
Mozambique,MOZ,2023-06-18,1,NA,1,NA,0,NA,0,NA
Mozambique,MOZ,2023-09-10,1,NA,1,NA,0,NA,0,NA
Mozambique,MOZ,2023-10-15,1,NA,1,NA,0,NA,0,NA
Liberia,LBR,2024-03-10,21,26,0,0,1,9,0,0
Liberia,LBR,2024-04-14,22,36,0,0,0,0,0,0
Liberia,LBR,2024-07-07,22,42,0,0,0,0,0,0
Mozambique,MOZ,2023-01-08,1,NA,1,NA,0,NA,0,NA
Mozambique,MOZ,2023-02-12,1,NA,1,NA,0,NA,0,NA
Mozambique,MOZ,2023-05-07,1,NA,1,NA,0,NA,0,NA
Mozambique,MOZ,2023-06-11,1,NA,1,NA,0,NA,0,NA
Mozambique,MOZ,2023-09-03,1,NA,1,NA,0,NA,0,NA
Mozambique,MOZ,2023-10-08,1,NA,1,NA,0,NA,0,NA
Mozambique,MOZ,2023-11-12,1,NA,1,NA,0,NA,0,NA
Mozambique,MOZ,2024-02-04,1,NA,1,NA,0,NA,0,NA
Mozambique,MOZ,2024-03-10,1,NA,1,NA,0,NA,0,NA
Mozambique,MOZ,2024-06-02,1,NA,1,NA,0,NA,0,NA
Mozambique,MOZ,2024-07-07,1,NA,1,NA,0,NA,0,NA
Nigeria,NGA,2022-01-30,3,NA,0,NA,0,NA,0,NA
Nigeria,NGA,2022-02-27,4,NA,0,NA,0,NA,0,NA
Nigeria,NGA,2022-04-17,14,NA,1,NA,1,NA,0,NA
Nigeria,NGA,2022-04-24,14,NA,1,NA,0,NA,0,NA
South Africa,ZAF,2024-03-03,5,NA,0,NA,0,NA,0,NA
South Africa,ZAF,2024-04-07,5,NA,0,NA,0,NA,0,NA
South Africa,ZAF,2024-06-02,8,3,1,1,1,1,0,0
South Africa,ZAF,2024-08-04,29,24,3,3,2,2,0,0
Ghana,GHA,2022-06-26,23,NA,0,NA,1,NA,0,NA
Ghana,GHA,2022-07-10,34,NA,0,NA,5,NA,0,NA
Ghana,GHA,2022-12-11,116,NA,4,NA,6,NA,0,NA
Ghana,GHA,2023-06-04,127,NA,4,NA,0,NA,0,NA
Ghana,GHA,2023-08-27,127,NA,4,NA,0,NA,0,NA
Ghana,GHA,2023-10-01,127,NA,4,NA,0,NA,0,NA
Ghana,GHA,2023-11-05,127,NA,4,NA,0,NA,0,NA
Ghana,GHA,2024-01-28,127,NA,4,NA,0,NA,0,NA
Ghana,GHA,2024-03-03,127,NA,4,NA,0,NA,0,NA
Ghana,GHA,2024-05-26,127,NA,4,NA,0,NA,0,NA
Ghana,GHA,2024-06-30,127,NA,4,NA,0,NA,0,NA
Liberia,LBR,2022-09-11,3,NA,0,NA,0,NA,0,NA
Liberia,LBR,2022-10-16,3,NA,0,NA,0,NA,0,NA
Liberia,LBR,2022-12-11,6,NA,0,NA,2,NA,0,NA
Liberia,LBR,2023-01-08,6,NA,0,NA,0,NA,0,NA
Liberia,LBR,2023-02-05,7,NA,0,NA,0,NA,0,NA
Liberia,LBR,2023-05-07,12,NA,0,NA,0,NA,0,NA
Liberia,LBR,2023-06-04,12,NA,0,NA,0,NA,0,NA
Liberia,LBR,2023-08-27,12,NA,0,NA,0,NA,0,NA
Liberia,LBR,2023-10-01,12,NA,0,NA,0,NA,0,NA
Liberia,LBR,2023-11-05,12,NA,0,NA,0,NA,0,NA
Liberia,LBR,2023-12-31,17,NA,0,NA,0,NA,0,NA
Liberia,LBR,2024-01-28,18,4,0,0,0,0,0,0
Liberia,LBR,2024-03-17,21,26,0,0,0,0,0,0
Liberia,LBR,2024-05-19,22,36,0,0,0,0,0,0
Liberia,LBR,2024-06-23,22,38,0,0,0,2,0,0
Mozambique,MOZ,2022-10-16,1,NA,0,NA,0,NA,0,NA
Mozambique,MOZ,2022-10-23,1,NA,1,NA,0,NA,1,NA
Mozambique,MOZ,2022-11-13,1,NA,1,NA,0,NA,0,NA
Mozambique,MOZ,2022-12-18,1,NA,1,NA,0,NA,0,NA
Mozambique,MOZ,2023-01-22,1,NA,1,NA,0,NA,0,NA
Mozambique,MOZ,2023-04-16,1,NA,1,NA,0,NA,0,NA
Mozambique,MOZ,2023-05-21,1,NA,1,NA,0,NA,0,NA
Mozambique,MOZ,2023-08-13,1,NA,1,NA,0,NA,0,NA
Mozambique,MOZ,2023-09-17,1,NA,1,NA,0,NA,0,NA
Mozambique,MOZ,2023-12-10,1,NA,1,NA,0,NA,0,NA
Mozambique,MOZ,2024-01-14,1,NA,1,NA,0,NA,0,NA
Mozambique,MOZ,2024-02-18,1,NA,1,NA,0,NA,0,NA
Mozambique,MOZ,2024-05-12,1,NA,1,NA,0,NA,0,NA
Mozambique,MOZ,2024-06-16,1,NA,1,NA,0,NA,0,NA
Nigeria,NGA,2022-02-13,3,NA,0,NA,0,NA,0,NA
Nigeria,NGA,2022-03-06,6,NA,0,NA,2,NA,0,NA
Nigeria,NGA,2022-04-03,11,NA,0,NA,1,NA,0,NA
Nigeria,NGA,2022-05-22,21,NA,1,NA,2,NA,0,NA
Nigeria,NGA,2022-06-19,41,NA,2,NA,5,NA,0,NA
Nigeria,NGA,2022-11-13,638,NA,7,NA,14,NA,0,NA
Nigeria,NGA,2022-11-20,659,NA,7,NA,21,NA,0,NA
Nigeria,NGA,2023-03-12,820,NA,9,NA,7,NA,0,NA
Nigeria,NGA,2023-06-04,842,NA,9,NA,0,NA,0,NA
Nigeria,NGA,2023-07-02,843,NA,9,NA,0,NA,0,NA
Nigeria,NGA,2023-09-24,846,NA,9,NA,0,NA,0,NA
Nigeria,NGA,2023-10-29,846,NA,9,NA,0,NA,0,NA
Nigeria,NGA,2023-12-03,859,NA,9,NA,4,NA,0,NA
Nigeria,NGA,2023-12-10,859,NA,9,NA,0,NA,0,NA
Nigeria,NGA,2024-03-24,873,279,9,0,0,25,0,0
Nigeria,NGA,2024-05-12,885,461,9,0,0,22,0,0
Nigeria,NGA,2024-07-28,899,727,9,0,0,13,0,0
South Africa,ZAF,2022-07-24,2,NA,0,NA,0,NA,0,NA
South Africa,ZAF,2022-07-31,3,NA,0,NA,1,NA,0,NA
South Africa,ZAF,2022-11-20,5,NA,0,NA,0,NA,0,NA
South Africa,ZAF,2022-12-25,5,NA,0,NA,0,NA,0,NA
South Africa,ZAF,2023-03-19,5,NA,0,NA,0,NA,0,NA
South Africa,ZAF,2023-04-23,5,NA,0,NA,0,NA,0,NA
South Africa,ZAF,2023-05-28,5,NA,0,NA,0,NA,0,NA
South Africa,ZAF,2023-08-20,5,NA,0,NA,0,NA,0,NA
South Africa,ZAF,2023-09-24,5,NA,0,NA,0,NA,0,NA
South Africa,ZAF,2023-12-17,5,NA,0,NA,0,NA,0,NA
South Africa,ZAF,2024-01-21,5,NA,0,NA,0,NA,0,NA
South Africa,ZAF,2024-04-14,5,NA,0,NA,0,NA,0,NA
South Africa,ZAF,2024-06-30,21,16,3,3,0,0,0,0
Uganda,UGA,2024-07-14,2,28,0,0,1,10,0,0
Uganda,UGA,2024-07-21,2,35,0,0,0,7,0,0
Burundi,BDI,2024-08-18,153,572,0,0,70,239,0,0
Benin,BEN,2024-08-18,3,NA,0,NA,0,NA,0,NA
Burundi,BDI,2024-08-25,231,820,0,0,78,248,0,0
Cameroon,CMR,2024-08-18,50,39,5,2,0,3,0,0
Cameroon,CMR,2024-08-11,50,36,5,2,0,2,0,0
Central African Republic,CAF,2024-08-18,92,265,2,1,0,5,0,0
Côte d’Ivoire,CIV,2024-07-28,9,11,0,0,4,6,0,0
Côte d’Ivoire,CIV,2024-08-18,33,56,1,0,12,23,1,0
Congo,COG,2024-08-18,47,169,2,0,0,2,0,0
Nigeria,NGA,2024-09-08,916,935,9,0,0,0,0,0
Mozambique,MOZ,2024-09-01,1,NA,1,NA,0,NA,0,NA
Benin,BEN,2024-08-25,3,NA,0,NA,0,NA,0,NA
Burundi,BDI,2024-09-08,385,1360,0,0,57,231,0,0
Democratic Republic of the Congo,COD,2024-09-08,6526,24184,27,776,134,1580,0,39
Ghana,GHA,2024-09-08,127,NA,4,NA,0,NA,0,NA
Central African Republic,CAF,2024-09-08,94,285,2,1,0,7,0,0
Cameroon,CMR,2024-08-25,50,43,5,2,0,4,0,0
Cameroon,CMR,2024-09-01,51,47,5,2,1,4,0,0
Congo,COG,2024-09-08,47,184,2,0,0,0,0,0
Guinea,GIN,2024-08-25,0,0,0,0,0,0,0,0
Kenya,KEN,2024-09-08,5,115,0,0,1,35,0,0
Rwanda,RWA,2024-09-01,4,4,0,0,0,0,0,0
Rwanda,RWA,2024-09-08,4,4,0,0,0,0,0,0
South Africa,ZAF,2024-08-25,29,24,3,3,0,0,0,0
Uganda,UGA,2024-09-08,11,120,0,0,1,11,0,0
Liberia,LBR,2024-09-08,26,85,0,0,2,0,0,0
South Africa,ZAF,2024-09-08,30,25,3,3,1,1,0,0
Rwanda,RWA,2024-08-25,4,4,0,0,0,0,0,0
Cameroon,CMR,2024-09-08,51,54,5,2,0,7,0,0
Gabon,GAB,2024-09-08,2,15,0,0,0,0,0,0
South Africa,ZAF,2024-09-01,29,24,3,3,0,0,0,0
Nigeria,NGA,2023-04-30,835,NA,9,NA,0,NA,0,NA
Nigeria,NGA,2023-05-28,842,NA,9,NA,0,NA,0,NA
Nigeria,NGA,2023-06-25,843,NA,9,NA,0,NA,0,NA
Nigeria,NGA,2023-07-23,844,NA,9,NA,0,NA,0,NA
Nigeria,NGA,2023-09-17,846,NA,9,NA,0,NA,0,NA
Nigeria,NGA,2023-10-22,846,NA,9,NA,0,NA,0,NA
Nigeria,NGA,2023-11-19,847,NA,9,NA,0,NA,0,NA
Nigeria,NGA,2024-02-04,863,64,9,0,0,9,0,0
Nigeria,NGA,2024-03-03,867,191,9,0,0,40,0,0
Nigeria,NGA,2024-06-02,888,553,9,0,1,40,0,0
South Africa,ZAF,2022-08-28,5,NA,0,NA,1,NA,0,NA
South Africa,ZAF,2022-10-23,5,NA,0,NA,0,NA,0,NA
South Africa,ZAF,2022-11-27,5,NA,0,NA,0,NA,0,NA
South Africa,ZAF,2023-01-01,5,NA,0,NA,0,NA,0,NA
South Africa,ZAF,2023-03-26,5,NA,0,NA,0,NA,0,NA
South Africa,ZAF,2023-04-30,5,NA,0,NA,0,NA,0,NA
South Africa,ZAF,2023-07-23,5,NA,0,NA,0,NA,0,NA
South Africa,ZAF,2023-08-27,5,NA,0,NA,0,NA,0,NA
Cameroon,CMR,2023-09-03,43,NA,3,NA,0,NA,0,NA
Cameroon,CMR,2023-09-10,44,NA,3,NA,1,NA,0,NA
Cameroon,CMR,2023-10-01,44,NA,3,NA,0,NA,0,NA
Cameroon,CMR,2023-10-08,45,NA,3,NA,1,NA,0,NA
Cameroon,CMR,2023-12-03,45,NA,3,NA,0,NA,0,NA
Cameroon,CMR,2024-01-07,45,0,3,0,0,0,0,0
Cameroon,CMR,2024-02-25,47,12,4,1,0,1,0,0
Cameroon,CMR,2024-03-31,47,21,4,1,0,2,0,0
Cameroon,CMR,2024-04-28,50,26,5,2,0,0,0,0
Cameroon,CMR,2024-07-21,50,34,5,2,0,0,0,0
Ghana,GHA,2022-03-27,2,NA,0,NA,0,NA,0,NA
Ghana,GHA,2022-05-01,2,NA,0,NA,0,NA,0,NA
Ghana,GHA,2022-07-17,36,NA,0,NA,2,NA,0,NA
Ghana,GHA,2022-08-21,78,NA,4,NA,11,NA,3,NA
Ghana,GHA,2022-10-02,104,NA,4,NA,4,NA,0,NA
Ghana,GHA,2022-10-09,104,NA,4,NA,0,NA,0,NA
Ghana,GHA,2022-10-30,107,NA,4,NA,2,NA,0,NA
Ghana,GHA,2022-11-27,110,NA,4,NA,3,NA,0,NA
Liberia,LBR,2024-05-05,22,36,0,0,0,0,0,0
Liberia,LBR,2024-07-28,22,51,0,0,0,4,0,0
Mozambique,MOZ,2022-10-09,1,NA,0,NA,1,NA,0,NA
Mozambique,MOZ,2023-01-01,1,NA,1,NA,0,NA,0,NA
Mozambique,MOZ,2023-02-05,1,NA,1,NA,0,NA,0,NA
Mozambique,MOZ,2023-03-12,1,NA,1,NA,0,NA,0,NA
Mozambique,MOZ,2023-06-04,1,NA,1,NA,0,NA,0,NA
Mozambique,MOZ,2023-07-09,1,NA,1,NA,0,NA,0,NA
Mozambique,MOZ,2023-10-01,1,NA,1,NA,0,NA,0,NA
Mozambique,MOZ,2023-11-05,1,NA,1,NA,0,NA,0,NA
Mozambique,MOZ,2024-01-28,1,NA,1,NA,0,NA,0,NA
Mozambique,MOZ,2024-03-03,1,NA,1,NA,0,NA,0,NA
Mozambique,MOZ,2024-04-07,1,NA,1,NA,0,NA,0,NA
Mozambique,MOZ,2024-06-30,1,NA,1,NA,0,NA,0,NA
Mozambique,MOZ,2024-08-04,1,NA,1,NA,0,NA,0,NA
South Africa,ZAF,2022-09-18,5,NA,0,NA,0,NA,0,NA
South Africa,ZAF,2022-12-11,5,NA,0,NA,0,NA,0,NA
South Africa,ZAF,2023-01-15,5,NA,0,NA,0,NA,0,NA
Côte d’Ivoire,CIV,2024-07-21,5,5,0,0,3,3,0,0
Democratic Republic of the Congo,COD,2024-08-11,5598,17154,27,606,256,1316,0,32
Congo,COG,2024-08-11,47,167,2,0,2,6,0,0
Côte d’Ivoire,CIV,2024-08-11,21,33,0,0,8,14,0,0
Côte d’Ivoire,CIV,2024-07-07,1,1,0,0,1,1,0,0
Côte d’Ivoire,CIV,2024-07-14,2,2,0,0,1,1,0,0
Côte d’Ivoire,CIV,2024-08-04,13,19,0,0,4,8,0,0
Ghana,GHA,2024-08-11,127,NA,4,NA,0,NA,0,NA
Liberia,LBR,2024-08-11,23,61,0,0,1,10,0,0
Ghana,GHA,2024-08-18,127,NA,4,NA,0,NA,0,NA
Kenya,KEN,2024-08-11,1,18,0,0,0,9,0,0
Mozambique,MOZ,2024-08-11,1,NA,1,NA,0,NA,0,NA
Kenya,KEN,2024-08-18,1,32,0,0,0,14,0,0
Mozambique,MOZ,2024-08-18,1,NA,1,NA,0,NA,0,NA
Nigeria,NGA,2024-08-11,900,744,9,0,1,12,0,0
Nigeria,NGA,2024-08-18,901,813,9,0,1,69,0,0
Benin,BEN,2022-10-09,3,NA,0,NA,0,NA,0,NA
Benin,BEN,2022-11-13,3,NA,0,NA,0,NA,0,NA
Benin,BEN,2023-02-05,3,NA,0,NA,0,NA,0,NA
Benin,BEN,2023-03-12,3,NA,0,NA,0,NA,0,NA
Benin,BEN,2023-04-16,3,NA,0,NA,0,NA,0,NA
Benin,BEN,2023-07-09,3,NA,0,NA,0,NA,0,NA
Benin,BEN,2023-08-13,3,NA,0,NA,0,NA,0,NA
Benin,BEN,2023-11-05,3,NA,0,NA,0,NA,0,NA
Benin,BEN,2023-12-10,3,NA,0,NA,0,NA,0,NA
Benin,BEN,2024-03-03,3,NA,0,NA,0,NA,0,NA
Benin,BEN,2024-04-07,3,NA,0,NA,0,NA,0,NA
Benin,BEN,2024-05-12,3,NA,0,NA,0,NA,0,NA
Benin,BEN,2024-08-04,3,NA,0,NA,0,NA,0,NA
Burundi,BDI,2024-07-28,9,20,0,0,9,20,0,0
Burundi,BDI,2024-08-11,83,333,0,0,43,140,0,0
Cameroon,CMR,2022-04-03,3,NA,1,NA,0,NA,0,NA
Cameroon,CMR,2022-08-28,8,NA,3,NA,0,NA,0,NA
Cameroon,CMR,2022-10-16,12,NA,3,NA,2,NA,0,NA
Central African Republic,CAF,2023-12-03,45,NA,1,NA,0,NA,0,NA
Central African Republic,CAF,2024-01-28,52,27,1,0,1,8,0,0
Central African Republic,CAF,2024-04-07,66,84,1,0,1,4,0,0
Central African Republic,CAF,2024-04-14,66,92,1,0,0,8,0,0
Central African Republic,CAF,2024-06-09,67,124,1,0,1,3,0,0
Congo,COG,2022-07-17,2,NA,0,NA,0,NA,0,NA
Congo,COG,2022-09-11,5,NA,0,NA,2,NA,0,NA
Congo,COG,2022-10-09,5,NA,0,NA,0,NA,0,NA
Congo,COG,2022-11-13,5,NA,0,NA,0,NA,0,NA
Congo,COG,2022-12-18,5,NA,0,NA,0,NA,0,NA
Congo,COG,2023-03-12,5,NA,0,NA,0,NA,0,NA
Congo,COG,2023-04-16,5,NA,0,NA,0,NA,0,NA
Congo,COG,2023-07-09,5,NA,0,NA,0,NA,0,NA
Congo,COG,2023-09-24,18,NA,0,NA,0,NA,0,NA
Congo,COG,2023-10-22,23,NA,2,NA,0,NA,0,NA
Congo,COG,2023-11-19,26,NA,2,NA,1,NA,0,NA
Congo,COG,2024-01-14,27,3,2,0,1,3,0,0
Congo,COG,2024-02-11,30,12,2,0,0,1,0,0
Congo,COG,2024-05-12,45,94,2,0,0,6,0,0
Congo,COG,2024-06-16,45,145,2,0,0,2,0,0
Democratic Republic of the Congo,COD,2022-06-05,10,NA,0,NA,0,NA,0,NA
Democratic Republic of the Congo,COD,2022-07-10,100,NA,0,NA,0,NA,0,NA
Democratic Republic of the Congo,COD,2022-08-28,174,NA,0,NA,25,NA,0,NA
Democratic Republic of the Congo,COD,2022-10-23,250,NA,0,NA,15,NA,0,NA
Democratic Republic of the Congo,COD,2022-11-20,262,NA,0,NA,4,NA,0,NA
Democratic Republic of the Congo,COD,2023-03-19,448,NA,0,NA,7,NA,0,NA
Democratic Republic of the Congo,COD,2023-05-14,632,NA,2,NA,28,NA,1,NA
Democratic Republic of the Congo,COD,2023-09-24,911,NA,2,NA,12,NA,0,NA
Democratic Republic of the Congo,COD,2023-10-22,1011,NA,2,NA,29,NA,0,NA
Democratic Republic of the Congo,COD,2023-11-12,1127,NA,2,NA,52,NA,0,NA
Democratic Republic of the Congo,COD,2023-11-26,1171,NA,2,NA,17,NA,0,NA
Democratic Republic of the Congo,COD,2023-12-10,1192,NA,2,NA,14,NA,0,NA
Democratic Republic of the Congo,COD,2024-01-28,1449,1169,3,100,91,341,0,29
Democratic Republic of the Congo,COD,2024-03-17,1835,4297,4,295,45,291,0,12
Mozambique,MOZ,2024-03-31,1,NA,1,NA,0,NA,0,NA
Mozambique,MOZ,2024-06-23,1,NA,1,NA,0,NA,0,NA
Mozambique,MOZ,2024-07-28,1,NA,1,NA,0,NA,0,NA
Nigeria,NGA,2022-05-08,15,NA,1,NA,0,NA,0,NA
Nigeria,NGA,2022-06-05,32,NA,2,NA,11,NA,1,NA
Nigeria,NGA,2022-06-12,36,NA,2,NA,4,NA,0,NA
Nigeria,NGA,2022-07-24,133,NA,3,NA,15,NA,0,NA
Nigeria,NGA,2022-09-18,400,NA,7,NA,51,NA,0,NA
Nigeria,NGA,2022-10-16,552,NA,7,NA,22,NA,0,NA
Nigeria,NGA,2023-01-01,763,NA,7,NA,7,NA,0,NA
Nigeria,NGA,2023-01-15,776,NA,8,NA,10,NA,1,NA
Nigeria,NGA,2023-04-23,835,NA,9,NA,1,NA,0,NA
Nigeria,NGA,2023-05-21,842,NA,9,NA,1,NA,0,NA
Nigeria,NGA,2023-07-16,844,NA,9,NA,1,NA,0,NA
Nigeria,NGA,2023-08-13,846,NA,9,NA,0,NA,0,NA
Nigeria,NGA,2023-11-05,846,NA,9,NA,0,NA,0,NA
Nigeria,NGA,2023-11-12,847,NA,9,NA,1,NA,0,NA
Nigeria,NGA,2023-11-26,855,NA,9,NA,8,NA,0,NA
Nigeria,NGA,2024-02-18,867,110,9,0,2,24,0,0
Nigeria,NGA,2024-03-31,879,336,9,0,6,57,0,0
Nigeria,NGA,2024-04-07,880,363,9,0,1,27,0,0
Nigeria,NGA,2024-07-21,899,714,9,0,1,16,0,0
Rwanda,RWA,2024-07-28,2,2,0,0,2,2,0,0
South Africa,ZAF,2022-08-14,3,NA,0,NA,0,NA,0,NA
South Africa,ZAF,2022-09-04,5,NA,0,NA,0,NA,0,NA
South Africa,ZAF,2022-10-09,5,NA,0,NA,0,NA,0,NA
South Africa,ZAF,2022-11-13,5,NA,0,NA,0,NA,0,NA
South Africa,ZAF,2023-02-05,5,NA,0,NA,0,NA,0,NA
South Africa,ZAF,2023-03-12,5,NA,0,NA,0,NA,0,NA
South Africa,ZAF,2023-06-04,5,NA,0,NA,0,NA,0,NA
South Africa,ZAF,2023-07-09,5,NA,0,NA,0,NA,0,NA
South Africa,ZAF,2023-10-01,5,NA,0,NA,0,NA,0,NA
South Africa,ZAF,2023-11-05,5,NA,0,NA,0,NA,0,NA
South Africa,ZAF,2023-12-10,5,NA,0,NA,0,NA,0,NA
Ghana,GHA,2022-04-03,2,NA,0,NA,0,NA,0,NA
Ghana,GHA,2022-07-24,37,NA,0,NA,1,NA,0,NA
Ghana,GHA,2022-08-28,85,NA,4,NA,7,NA,0,NA
Ghana,GHA,2022-12-04,110,NA,4,NA,0,NA,0,NA
Ghana,GHA,2023-01-22,123,NA,4,NA,2,NA,0,NA
Ghana,GHA,2023-02-19,123,NA,4,NA,0,NA,0,NA
Ghana,GHA,2023-04-16,125,NA,4,NA,0,NA,0,NA
Ghana,GHA,2023-07-16,127,NA,4,NA,0,NA,0,NA
Ghana,GHA,2023-08-20,127,NA,4,NA,0,NA,0,NA
Ghana,GHA,2023-11-12,127,NA,4,NA,0,NA,0,NA
Ghana,GHA,2023-12-17,127,NA,4,NA,0,NA,0,NA
Ghana,GHA,2024-03-10,127,NA,4,NA,0,NA,0,NA
Ghana,GHA,2024-04-14,127,NA,4,NA,0,NA,0,NA
Ghana,GHA,2024-05-19,127,NA,4,NA,0,NA,0,NA
Kenya,KEN,2024-07-28,1,2,0,0,1,2,0,0
Liberia,LBR,2022-09-04,3,NA,0,NA,0,NA,0,NA
Liberia,LBR,2023-02-19,8,NA,0,NA,1,NA,0,NA
Liberia,LBR,2023-02-26,8,NA,0,NA,0,NA,0,NA
Liberia,LBR,2023-07-16,12,NA,0,NA,0,NA,0,NA
Liberia,LBR,2023-08-20,12,NA,0,NA,0,NA,0,NA
Liberia,LBR,2023-11-12,12,NA,0,NA,0,NA,0,NA
Liberia,LBR,2024-01-07,17,0,0,0,0,0,0,0
Liberia,LBR,2024-03-31,22,36,0,0,1,10,0,0
Liberia,LBR,2024-04-07,22,36,0,0,0,0,0,0
Liberia,LBR,2024-06-30,22,42,0,0,0,4,0,0
Liberia,LBR,2024-08-04,22,51,0,0,0,0,0,0
Mozambique,MOZ,2022-11-06,1,NA,1,NA,0,NA,0,NA
Mozambique,MOZ,2023-01-29,1,NA,1,NA,0,NA,0,NA
Mozambique,MOZ,2023-03-05,1,NA,1,NA,0,NA,0,NA
Mozambique,MOZ,2023-05-28,1,NA,1,NA,0,NA,0,NA
Mozambique,MOZ,2023-07-02,1,NA,1,NA,0,NA,0,NA
Mozambique,MOZ,2023-08-06,1,NA,1,NA,0,NA,0,NA
Mozambique,MOZ,2023-10-29,1,NA,1,NA,0,NA,0,NA
Mozambique,MOZ,2023-12-03,1,NA,1,NA,0,NA,0,NA
Mozambique,MOZ,2024-02-25,1,NA,1,NA,0,NA,0,NA
Central African Republic,CAF,2024-08-11,92,260,2,1,2,27,0,0
Congo,COG,2022-06-19,2,NA,0,NA,0,NA,0,NA
Congo,COG,2022-07-24,2,NA,0,NA,0,NA,0,NA
Congo,COG,2022-08-21,3,NA,0,NA,0,NA,0,NA
Congo,COG,2022-10-16,5,NA,0,NA,0,NA,0,NA
Congo,COG,2022-11-20,5,NA,0,NA,0,NA,0,NA
Congo,COG,2023-02-12,5,NA,0,NA,0,NA,0,NA
Congo,COG,2023-03-19,5,NA,0,NA,0,NA,0,NA
Congo,COG,2023-06-11,5,NA,0,NA,0,NA,0,NA
Congo,COG,2023-07-16,5,NA,0,NA,0,NA,0,NA
Congo,COG,2023-09-03,13,NA,0,NA,1,NA,0,NA
Congo,COG,2023-10-01,18,NA,0,NA,0,NA,0,NA
Congo,COG,2023-10-15,23,NA,2,NA,4,NA,1,NA
Congo,COG,2023-12-17,26,NA,2,NA,0,NA,0,NA
Congo,COG,2024-02-18,35,36,2,0,5,24,0,0
Congo,COG,2024-03-03,37,45,2,0,0,2,0,0
Congo,COG,2024-05-26,45,138,2,0,0,3,0,0
Congo,COG,2024-06-30,45,148,2,0,0,0,0,0
Congo,COG,2024-08-04,45,161,2,0,0,1,0,0
Democratic Republic of the Congo,COD,2022-12-18,277,NA,0,NA,2,NA,0,NA
Democratic Republic of the Congo,COD,2023-03-26,451,NA,0,NA,3,NA,0,NA
Democratic Republic of the Congo,COD,2023-06-18,700,NA,2,NA,25,NA,0,NA
Democratic Republic of the Congo,COD,2023-07-16,817,NA,2,NA,31,NA,0,NA
Democratic Republic of the Congo,COD,2023-07-30,834,NA,2,NA,6,NA,0,NA
Democratic Republic of the Congo,COD,2023-09-03,886,NA,2,NA,6,NA,0,NA
Democratic Republic of the Congo,COD,2023-10-08,952,NA,2,NA,27,NA,0,NA
Democratic Republic of the Congo,COD,2023-11-19,1154,NA,2,NA,27,NA,0,NA
Democratic Republic of the Congo,COD,2023-12-17,1200,NA,2,NA,8,NA,0,NA
Democratic Republic of the Congo,COD,2024-01-07,1268,255,2,23,23,255,0,23
Democratic Republic of the Congo,COD,2024-05-05,2426,6358,9,349,185,440,1,12
Democratic Republic of the Congo,COD,2024-05-26,2953,7864,13,383,213,468,1,12
Democratic Republic of the Congo,COD,2024-06-09,3430,8851,16,406,249,560,1,11
Ghana,GHA,2022-02-27,1,NA,0,NA,1,NA,0,NA
South Africa,ZAF,2024-03-24,5,NA,0,NA,0,NA,0,NA
South Africa,ZAF,2024-04-28,5,NA,0,NA,0,NA,0,NA
South Africa,ZAF,2024-07-28,27,22,3,3,0,0,0,0
Uganda,UGA,2024-07-28,2,44,0,0,0,9,0,0
Cameroon,CMR,2022-03-20,3,NA,1,NA,1,NA,0,NA
Cameroon,CMR,2022-07-10,8,NA,1,NA,0,NA,0,NA
Cameroon,CMR,2022-08-07,8,NA,3,NA,0,NA,2,NA
Cameroon,CMR,2022-09-11,9,NA,3,NA,1,NA,0,NA
Cameroon,CMR,2022-12-25,18,NA,3,NA,0,NA,0,NA
Cameroon,CMR,2023-01-29,18,NA,3,NA,0,NA,0,NA
Cameroon,CMR,2023-03-05,18,NA,3,NA,0,NA,0,NA
Cameroon,CMR,2023-07-02,41,NA,3,NA,0,NA,0,NA
Cameroon,CMR,2023-11-26,45,NA,3,NA,0,NA,0,NA
Cameroon,CMR,2023-12-31,45,NA,3,NA,0,NA,0,NA
Cameroon,CMR,2024-03-24,47,19,4,1,0,1,0,0
Cameroon,CMR,2024-04-21,50,26,5,2,0,1,0,0
Cameroon,CMR,2024-05-26,50,29,5,2,0,2,0,0
Central African Republic,CAF,2022-04-03,18,NA,0,NA,0,NA,0,NA
Central African Republic,CAF,2022-05-01,19,NA,0,NA,0,NA,0,NA
Central African Republic,CAF,2022-06-05,19,NA,0,NA,0,NA,0,NA
Central African Republic,CAF,2022-08-21,23,NA,0,NA,0,NA,0,NA
Central African Republic,CAF,2022-09-25,25,NA,0,NA,1,NA,0,NA
Central African Republic,CAF,2022-10-16,28,NA,0,NA,3,NA,0,NA
Central African Republic,CAF,2022-11-20,28,NA,0,NA,0,NA,0,NA
Central African Republic,CAF,2023-03-05,41,NA,1,NA,0,NA,0,NA
Central African Republic,CAF,2023-04-02,45,NA,1,NA,0,NA,0,NA
Central African Republic,CAF,2023-06-25,45,NA,1,NA,0,NA,0,NA
Central African Republic,CAF,2023-07-30,45,NA,1,NA,0,NA,0,NA
Central African Republic,CAF,2023-09-03,45,NA,1,NA,0,NA,0,NA
Central African Republic,CAF,2023-11-26,45,NA,1,NA,0,NA,0,NA
Central African Republic,CAF,2024-02-11,54,43,1,0,1,7,0,0
Central African Republic,CAF,2024-03-17,61,74,1,0,0,6,0,0
Central African Republic,CAF,2024-03-31,65,80,1,0,2,1,0,0
Mozambique,MOZ,2023-02-19,1,NA,1,NA,0,NA,0,NA
Mozambique,MOZ,2023-03-26,1,NA,1,NA,0,NA,0,NA
Mozambique,MOZ,2023-04-30,1,NA,1,NA,0,NA,0,NA
Mozambique,MOZ,2023-07-23,1,NA,1,NA,0,NA,0,NA
Mozambique,MOZ,2023-08-27,1,NA,1,NA,0,NA,0,NA
Mozambique,MOZ,2023-11-19,1,NA,1,NA,0,NA,0,NA
Mozambique,MOZ,2023-12-24,1,NA,1,NA,0,NA,0,NA
Mozambique,MOZ,2024-03-17,1,NA,1,NA,0,NA,0,NA
Mozambique,MOZ,2024-04-21,1,NA,1,NA,0,NA,0,NA
Mozambique,MOZ,2024-05-26,1,NA,1,NA,0,NA,0,NA
Nigeria,NGA,2022-03-13,9,NA,0,NA,3,NA,0,NA
Nigeria,NGA,2022-05-29,21,NA,1,NA,0,NA,0,NA
Nigeria,NGA,2022-06-26,63,NA,2,NA,22,NA,0,NA
Nigeria,NGA,2022-07-03,84,NA,3,NA,21,NA,1,NA
Nigeria,NGA,2022-10-09,530,NA,7,NA,49,NA,0,NA
Nigeria,NGA,2022-11-27,680,NA,7,NA,21,NA,0,NA
Nigeria,NGA,2023-01-22,787,NA,8,NA,11,NA,0,NA
Nigeria,NGA,2023-04-16,834,NA,9,NA,1,NA,0,NA
Nigeria,NGA,2023-09-03,846,NA,9,NA,0,NA,0,NA
Nigeria,NGA,2023-10-08,846,NA,9,NA,0,NA,0,NA
Nigeria,NGA,2024-01-14,861,10,9,0,0,5,0,0
Nigeria,NGA,2024-06-16,891,604,9,0,2,20,0,0
Nigeria,NGA,2024-07-07,898,664,9,0,3,34,0,0
South Africa,ZAF,2022-07-03,1,NA,0,NA,1,NA,0,NA
South Africa,ZAF,2022-07-10,1,NA,0,NA,0,NA,0,NA
South Africa,ZAF,2022-10-30,5,NA,0,NA,0,NA,0,NA
South Africa,ZAF,2022-12-04,5,NA,0,NA,0,NA,0,NA
South Africa,ZAF,2023-02-26,5,NA,0,NA,0,NA,0,NA
South Africa,ZAF,2023-04-02,5,NA,0,NA,0,NA,0,NA
South Africa,ZAF,2023-06-25,5,NA,0,NA,0,NA,0,NA
South Africa,ZAF,2023-07-30,5,NA,0,NA,0,NA,0,NA
South Africa,ZAF,2023-09-03,5,NA,0,NA,0,NA,0,NA
South Africa,ZAF,2023-11-26,5,NA,0,NA,0,NA,0,NA
South Africa,ZAF,2023-12-31,5,NA,0,NA,0,NA,0,NA
South Africa,ZAF,2023-11-19,5,NA,0,NA,0,NA,0,NA
South Africa,ZAF,2023-12-24,5,NA,0,NA,0,NA,0,NA
South Africa,ZAF,2024-01-28,5,NA,0,NA,0,NA,0,NA
South Africa,ZAF,2024-04-21,5,NA,0,NA,0,NA,0,NA
South Africa,ZAF,2024-05-19,6,1,0,0,0,0,0,0
South Africa,ZAF,2024-06-23,21,16,3,3,4,4,1,1
Ghana,GHA,2022-03-20,2,NA,0,NA,0,NA,0,NA
Ghana,GHA,2022-04-24,2,NA,0,NA,0,NA,0,NA
Ghana,GHA,2022-09-11,92,NA,4,NA,4,NA,0,NA
Ghana,GHA,2022-11-06,107,NA,4,NA,0,NA,0,NA
Ghana,GHA,2023-01-15,121,NA,4,NA,0,NA,0,NA
Ghana,GHA,2023-03-12,123,NA,4,NA,0,NA,0,NA
Ghana,GHA,2023-03-19,124,NA,4,NA,1,NA,0,NA
Ghana,GHA,2023-08-06,127,NA,4,NA,0,NA,0,NA
Ghana,GHA,2023-09-10,127,NA,4,NA,0,NA,0,NA
Ghana,GHA,2023-12-03,127,NA,4,NA,0,NA,0,NA
Ghana,GHA,2024-01-07,127,NA,4,NA,0,NA,0,NA
Ghana,GHA,2024-02-11,127,NA,4,NA,0,NA,0,NA
Ghana,GHA,2024-05-05,127,NA,4,NA,0,NA,0,NA
Ghana,GHA,2024-06-09,127,NA,4,NA,0,NA,0,NA
Liberia,LBR,2022-10-02,3,NA,0,NA,0,NA,0,NA
Liberia,LBR,2022-11-06,3,NA,0,NA,0,NA,0,NA
Liberia,LBR,2022-12-04,4,NA,0,NA,0,NA,0,NA
Liberia,LBR,2023-04-02,10,NA,0,NA,0,NA,0,NA
Liberia,LBR,2023-05-21,12,NA,0,NA,0,NA,0,NA
Liberia,LBR,2023-06-25,12,NA,0,NA,0,NA,0,NA
Liberia,LBR,2023-07-30,12,NA,0,NA,0,NA,0,NA
Liberia,LBR,2023-10-22,12,NA,0,NA,0,NA,0,NA
Liberia,LBR,2023-11-19,14,NA,0,NA,2,NA,0,NA
Liberia,LBR,2023-12-17,17,NA,0,NA,0,NA,0,NA
Liberia,LBR,2024-02-11,19,9,0,0,0,0,0,0
Liberia,LBR,2024-02-18,20,17,0,0,1,8,0,0
Liberia,LBR,2024-06-09,22,36,0,0,0,0,0,0
Liberia,LBR,2024-07-14,22,47,0,0,0,5,0,0
Mozambique,MOZ,2022-11-27,1,NA,1,NA,0,NA,0,NA
Mozambique,MOZ,2024-01-07,1,NA,1,NA,0,NA,0,NA
Mozambique,MOZ,2024-02-11,1,NA,1,NA,0,NA,0,NA
Mozambique,MOZ,2024-05-05,1,NA,1,NA,0,NA,0,NA
Mozambique,MOZ,2024-06-09,1,NA,1,NA,0,NA,0,NA
Mozambique,MOZ,2024-07-14,1,NA,1,NA,0,NA,0,NA
Nigeria,NGA,2022-01-09,1,NA,0,NA,1,NA,0,NA
Nigeria,NGA,2022-02-06,3,NA,0,NA,0,NA,0,NA
Nigeria,NGA,2022-05-15,19,NA,1,NA,4,NA,0,NA
Nigeria,NGA,2022-07-17,118,NA,3,NA,17,NA,0,NA
Nigeria,NGA,2022-09-11,349,NA,7,NA,31,NA,0,NA
Nigeria,NGA,2022-10-23,583,NA,7,NA,31,NA,0,NA
Nigeria,NGA,2022-12-11,744,NA,7,NA,24,NA,0,NA
Nigeria,NGA,2023-01-08,766,NA,7,NA,3,NA,0,NA
Nigeria,NGA,2023-02-05,797,NA,8,NA,7,NA,0,NA
Nigeria,NGA,2023-02-26,811,NA,9,NA,5,NA,1,NA
Nigeria,NGA,2023-04-02,833,NA,9,NA,4,NA,0,NA
Nigeria,NGA,2023-04-09,833,NA,9,NA,0,NA,0,NA
Democratic Republic of the Congo,COD,2024-03-24,1899,4577,4,307,64,280,0,12
Democratic Republic of the Congo,COD,2024-04-21,2164,5657,6,332,67,257,1,7
Ghana,GHA,2022-05-08,2,NA,0,NA,0,NA,0,NA
Ghana,GHA,2022-09-04,88,NA,4,NA,3,NA,0,NA
Ghana,GHA,2022-09-25,100,NA,4,NA,5,NA,0,NA
Ghana,GHA,2022-11-20,107,NA,4,NA,0,NA,0,NA
Ghana,GHA,2023-02-05,123,NA,4,NA,0,NA,0,NA
Ghana,GHA,2023-05-28,127,NA,4,NA,0,NA,0,NA
Ghana,GHA,2023-07-02,127,NA,4,NA,0,NA,0,NA
Ghana,GHA,2023-09-24,127,NA,4,NA,0,NA,0,NA
Ghana,GHA,2023-10-29,127,NA,4,NA,0,NA,0,NA
Ghana,GHA,2024-01-21,127,NA,4,NA,0,NA,0,NA
Ghana,GHA,2024-02-25,127,NA,4,NA,0,NA,0,NA
Ghana,GHA,2024-03-31,127,NA,4,NA,0,NA,0,NA
Ghana,GHA,2024-06-23,127,NA,4,NA,0,NA,0,NA
Ghana,GHA,2024-07-28,127,NA,4,NA,0,NA,0,NA
Kenya,KEN,2024-08-04,1,9,0,0,0,7,0,0
Ghana,GHA,2024-02-04,127,NA,4,NA,0,NA,0,NA
Ghana,GHA,2024-04-28,127,NA,4,NA,0,NA,0,NA
Ghana,GHA,2024-06-02,127,NA,4,NA,0,NA,0,NA
Ghana,GHA,2024-07-07,127,NA,4,NA,0,NA,0,NA
Ghana,GHA,2024-07-14,127,NA,4,NA,0,NA,0,NA
Liberia,LBR,2022-07-31,1,NA,0,NA,1,NA,0,NA
Liberia,LBR,2022-08-28,3,NA,0,NA,0,NA,0,NA
Liberia,LBR,2022-11-20,3,NA,0,NA,0,NA,0,NA
Liberia,LBR,2022-11-27,4,NA,0,NA,1,NA,0,NA
Liberia,LBR,2022-12-25,6,NA,0,NA,0,NA,0,NA
Liberia,LBR,2023-04-16,10,NA,0,NA,0,NA,0,NA
Liberia,LBR,2023-05-14,12,NA,0,NA,0,NA,0,NA
Liberia,LBR,2023-07-09,12,NA,0,NA,0,NA,0,NA
Liberia,LBR,2023-08-13,12,NA,0,NA,0,NA,0,NA
Liberia,LBR,2023-09-17,12,NA,0,NA,0,NA,0,NA
Liberia,LBR,2023-12-03,17,NA,0,NA,2,NA,0,NA
Liberia,LBR,2024-02-04,19,9,0,0,1,5,0,0
South Africa,ZAF,2023-02-19,5,NA,0,NA,0,NA,0,NA
South Africa,ZAF,2023-05-14,5,NA,0,NA,0,NA,0,NA
South Africa,ZAF,2023-06-18,5,NA,0,NA,0,NA,0,NA
South Africa,ZAF,2023-09-10,5,NA,0,NA,0,NA,0,NA
South Africa,ZAF,2023-10-15,5,NA,0,NA,0,NA,0,NA
South Africa,ZAF,2024-01-07,5,NA,0,NA,0,NA,0,NA
South Africa,ZAF,2024-02-11,5,NA,0,NA,0,NA,0,NA
South Africa,ZAF,2024-03-17,5,NA,0,NA,0,NA,0,NA
South Africa,ZAF,2024-05-12,6,1,0,0,1,1,0,0
South Africa,ZAF,2024-07-21,27,22,3,3,0,0,0,0
Nigeria,NGA,2022-03-20,10,NA,0,NA,1,NA,0,NA
Nigeria,NGA,2022-03-27,10,NA,0,NA,0,NA,0,NA
Nigeria,NGA,2022-09-25,456,NA,7,NA,56,NA,0,NA
Nigeria,NGA,2022-10-30,604,NA,7,NA,21,NA,0,NA
Nigeria,NGA,2022-11-06,624,NA,7,NA,20,NA,0,NA
Nigeria,NGA,2022-12-18,753,NA,7,NA,9,NA,0,NA
Nigeria,NGA,2023-02-19,806,NA,8,NA,5,NA,0,NA
Nigeria,NGA,2023-03-26,829,NA,9,NA,7,NA,0,NA
Nigeria,NGA,2023-05-14,841,NA,9,NA,4,NA,0,NA
Nigeria,NGA,2023-08-20,846,NA,9,NA,0,NA,0,NA
Nigeria,NGA,2023-12-24,861,NA,9,NA,1,NA,0,NA
Nigeria,NGA,2023-12-31,861,NA,9,NA,0,NA,0,NA
Nigeria,NGA,2024-01-28,863,55,9,0,2,31,0,0
Nigeria,NGA,2024-03-10,871,233,9,0,4,42,0,0
South Africa,ZAF,2022-07-17,2,NA,0,NA,1,NA,0,NA
South Africa,ZAF,2022-09-11,5,NA,0,NA,0,NA,0,NA
South Africa,ZAF,2022-10-16,5,NA,0,NA,0,NA,0,NA
South Africa,ZAF,2023-01-08,5,NA,0,NA,0,NA,0,NA
South Africa,ZAF,2023-02-12,5,NA,0,NA,0,NA,0,NA
South Africa,ZAF,2023-05-07,5,NA,0,NA,0,NA,0,NA
South Africa,ZAF,2023-06-11,5,NA,0,NA,0,NA,0,NA
South Africa,ZAF,2023-07-16,5,NA,0,NA,0,NA,0,NA
South Africa,ZAF,2023-10-08,5,NA,0,NA,0,NA,0,NA
South Africa,ZAF,2023-11-12,5,NA,0,NA,0,NA,0,NA
South Africa,ZAF,2024-02-04,5,NA,0,NA,0,NA,0,NA
South Africa,ZAF,2024-03-10,5,NA,0,NA,0,NA,0,NA
South Africa,ZAF,2024-06-16,17,12,2,2,7,7,0,0
Liberia,LBR,2022-08-14,3,NA,0,NA,1,NA,0,NA
Liberia,LBR,2022-10-09,3,NA,0,NA,0,NA,0,NA
Liberia,LBR,2022-11-13,3,NA,0,NA,0,NA,0,NA
Liberia,LBR,2023-01-01,6,NA,0,NA,0,NA,0,NA
Liberia,LBR,2023-03-05,9,NA,0,NA,1,NA,0,NA
Liberia,LBR,2023-04-30,12,NA,0,NA,0,NA,0,NA
Liberia,LBR,2023-05-28,12,NA,0,NA,0,NA,0,NA
Uganda,UGA,2024-08-04,2,52,0,0,0,8,0,0
Rwanda,RWA,2024-08-04,4,4,0,0,2,2,0,0
Liberia,LBR,2023-07-02,12,NA,0,NA,0,NA,0,NA
Liberia,LBR,2023-09-24,12,NA,0,NA,0,NA,0,NA
Liberia,LBR,2023-10-29,12,NA,0,NA,0,NA,0,NA
Liberia,LBR,2023-11-26,15,NA,0,NA,1,NA,0,NA
Liberia,LBR,2023-12-24,17,NA,0,NA,0,NA,0,NA
Nigeria,NGA,2022-08-07,172,NA,4,NA,15,NA,1,NA
Nigeria,NGA,2022-08-14,220,NA,4,NA,48,NA,0,NA
Nigeria,NGA,2022-08-28,277,NA,6,NA,36,NA,0,NA
Nigeria,NGA,2022-09-04,318,NA,7,NA,41,NA,1,NA
Nigeria,NGA,2022-12-04,720,NA,7,NA,40,NA,0,NA
Nigeria,NGA,2022-12-25,756,NA,7,NA,3,NA,0,NA
Nigeria,NGA,2023-01-29,790,NA,8,NA,3,NA,0,NA
Nigeria,NGA,2023-02-12,801,NA,8,NA,4,NA,0,NA
Nigeria,NGA,2023-03-05,813,NA,9,NA,2,NA,0,NA
Nigeria,NGA,2023-03-19,822,NA,9,NA,2,NA,0,NA
Nigeria,NGA,2023-05-07,837,NA,9,NA,2,NA,0,NA
Nigeria,NGA,2023-07-09,843,NA,9,NA,0,NA,0,NA
Nigeria,NGA,2023-07-30,846,NA,9,NA,2,NA,0,NA
Nigeria,NGA,2023-08-27,846,NA,9,NA,0,NA,0,NA
Nigeria,NGA,2023-10-01,846,NA,9,NA,0,NA,0,NA
Nigeria,NGA,2024-02-11,865,86,9,0,2,22,0,0
Nigeria,NGA,2024-04-21,881,409,9,0,0,20,0,0
Nigeria,NGA,2024-05-19,885,500,9,0,0,39,0,0
Nigeria,NGA,2024-06-09,889,584,9,0,1,31,0,0
Nigeria,NGA,2024-06-30,895,630,9,0,3,20,0,0
Nigeria,NGA,2024-08-04,899,732,9,0,0,5,0,0
South Africa,ZAF,2022-08-21,4,NA,0,NA,1,NA,0,NA
South Africa,ZAF,2022-09-25,5,NA,0,NA,0,NA,0,NA
South Africa,ZAF,2022-12-18,5,NA,0,NA,0,NA,0,NA
South Africa,ZAF,2023-01-22,5,NA,0,NA,0,NA,0,NA
South Africa,ZAF,2023-04-16,5,NA,0,NA,0,NA,0,NA
South Africa,ZAF,2023-05-21,5,NA,0,NA,0,NA,0,NA
South Africa,ZAF,2023-08-13,5,NA,0,NA,0,NA,0,NA
South Africa,ZAF,2023-09-17,5,NA,0,NA,0,NA,0,NA
South Africa,ZAF,2023-10-22,5,NA,0,NA,0,NA,0,NA
South Africa,ZAF,2024-01-14,5,NA,0,NA,0,NA,0,NA
South Africa,ZAF,2024-02-18,5,NA,0,NA,0,NA,0,NA
South Africa,ZAF,2024-06-09,10,5,2,2,2,2,1,1
South Africa,ZAF,2024-07-14,27,22,3,3,2,2,0,0
South Africa,ZAF,2022-08-07,3,NA,0,NA,0,NA,0,NA
South Africa,ZAF,2022-10-02,5,NA,0,NA,0,NA,0,NA
South Africa,ZAF,2022-11-06,5,NA,0,NA,0,NA,0,NA
South Africa,ZAF,2023-01-29,5,NA,0,NA,0,NA,0,NA
South Africa,ZAF,2023-03-05,5,NA,0,NA,0,NA,0,NA
South Africa,ZAF,2023-04-09,5,NA,0,NA,0,NA,0,NA
South Africa,ZAF,2023-07-02,5,NA,0,NA,0,NA,0,NA
South Africa,ZAF,2023-08-06,5,NA,0,NA,0,NA,0,NA
South Africa,ZAF,2023-10-29,5,NA,0,NA,0,NA,0,NA
South Africa,ZAF,2023-12-03,5,NA,0,NA,0,NA,0,NA
South Africa,ZAF,2024-02-25,5,NA,0,NA,0,NA,0,NA
South Africa,ZAF,2024-03-31,5,NA,0,NA,0,NA,0,NA
South Africa,ZAF,2024-05-05,5,NA,0,NA,0,NA,0,NA
South Africa,ZAF,2024-05-26,7,2,1,1,1,1,1,1
South Africa,ZAF,2024-07-07,25,20,3,3,4,4,0,0
Uganda,UGA,2024-07-07,1,18,0,0,1,18,0,0
Benin,BEN,2022-07-17,3,NA,0,NA,0,NA,0,NA
Cameroon,CMR,2022-12-18,18,NA,3,NA,0,NA,0,NA
Cameroon,CMR,2023-03-12,18,NA,3,NA,0,NA,0,NA
Cameroon,CMR,2023-04-16,18,NA,3,NA,0,NA,0,NA
Cameroon,CMR,2023-06-04,32,NA,3,NA,1,NA,0,NA
Cameroon,CMR,2023-07-16,42,NA,3,NA,1,NA,0,NA
Cameroon,CMR,2023-07-23,42,NA,3,NA,0,NA,0,NA
Cameroon,CMR,2023-08-20,43,NA,3,NA,0,NA,0,NA
Cameroon,CMR,2023-09-17,44,NA,3,NA,0,NA,0,NA
Cameroon,CMR,2023-10-15,45,NA,3,NA,0,NA,0,NA
Cameroon,CMR,2023-11-19,45,NA,3,NA,0,NA,0,NA
Cameroon,CMR,2024-02-11,47,10,4,1,0,1,0,0
Cameroon,CMR,2024-03-17,47,18,4,1,0,2,0,0
Cameroon,CMR,2024-04-07,48,23,4,1,1,2,0,0
Cameroon,CMR,2024-06-02,50,29,5,2,0,0,0,0
Cameroon,CMR,2024-07-07,50,31,5,2,0,1,0,0
Central African Republic,CAF,2022-04-17,19,NA,0,NA,1,NA,0,NA
Central African Republic,CAF,2022-06-12,19,NA,0,NA,0,NA,0,NA
Central African Republic,CAF,2022-10-09,25,NA,0,NA,0,NA,0,NA
Central African Republic,CAF,2023-03-19,43,NA,1,NA,0,NA,0,NA
Central African Republic,CAF,2023-05-14,45,NA,1,NA,0,NA,0,NA
Central African Republic,CAF,2023-06-18,45,NA,1,NA,0,NA,0,NA
Central African Republic,CAF,2023-09-10,45,NA,1,NA,0,NA,0,NA
Central African Republic,CAF,2023-10-15,45,NA,1,NA,0,NA,0,NA
Central African Republic,CAF,2024-01-14,47,16,1,0,0,12,0,0
Central African Republic,CAF,2024-05-19,66,110,1,0,0,3,0,0
Central African Republic,CAF,2024-06-16,68,127,1,0,1,3,0,0
Congo,COG,2022-05-08,2,NA,0,NA,0,NA,0,NA
Congo,COG,2022-06-12,2,NA,0,NA,0,NA,0,NA
Congo,COG,2022-11-27,5,NA,0,NA,0,NA,0,NA
Congo,COG,2023-01-01,5,NA,0,NA,0,NA,0,NA
Congo,COG,2023-02-05,5,NA,0,NA,0,NA,0,NA
Congo,COG,2023-04-30,5,NA,0,NA,0,NA,0,NA
Congo,COG,2023-06-04,5,NA,0,NA,0,NA,0,NA
Congo,COG,2023-09-17,18,NA,0,NA,1,NA,0,NA
Congo,COG,2023-11-12,25,NA,2,NA,0,NA,0,NA
Congo,COG,2023-12-10,26,NA,2,NA,0,NA,0,NA
Congo,COG,2024-01-28,30,9,2,0,2,4,0,0
Congo,COG,2024-04-14,45,77,2,0,0,0,0,0
Congo,COG,2024-05-19,45,135,2,0,0,41,0,0
Democratic Republic of the Congo,COD,2022-05-22,10,NA,0,NA,10,NA,0,NA
Democratic Republic of the Congo,COD,2022-07-03,100,NA,0,NA,0,NA,0,NA
Democratic Republic of the Congo,COD,2022-08-07,100,NA,0,NA,0,NA,0,NA
Democratic Republic of the Congo,COD,2022-09-18,190,NA,0,NA,16,NA,0,NA
Democratic Republic of the Congo,COD,2022-10-16,235,NA,0,NA,7,NA,0,NA
Democratic Republic of the Congo,COD,2022-11-06,252,NA,0,NA,1,NA,0,NA
Democratic Republic of the Congo,COD,2023-02-05,387,NA,0,NA,10,NA,0,NA
Democratic Republic of the Congo,COD,2023-02-12,387,NA,0,NA,0,NA,0,NA
Democratic Republic of the Congo,COD,2023-03-05,441,NA,0,NA,21,NA,0,NA
Democratic Republic of the Congo,COD,2023-04-09,517,NA,0,NA,64,NA,0,NA
Democratic Republic of the Congo,COD,2023-04-30,558,NA,0,NA,2,NA,0,NA
Democratic Republic of the Congo,COD,2023-05-21,641,NA,2,NA,9,NA,0,NA
Democratic Republic of the Congo,COD,2023-07-09,786,NA,2,NA,27,NA,0,NA
Democratic Republic of the Congo,COD,2023-08-13,860,NA,2,NA,11,NA,0,NA
Democratic Republic of the Congo,COD,2024-07-07,4368,11727,22,462,255,872,0,27
Democratic Republic of the Congo,COD,2024-07-21,4865,13697,24,512,222,989,2,26
Ghana,GHA,2022-04-10,2,NA,0,NA,0,NA,0,NA
Ghana,GHA,2022-05-15,2,NA,0,NA,0,NA,0,NA
Ghana,GHA,2022-06-19,22,NA,0,NA,3,NA,0,NA
Central African Republic,CAF,2022-12-11,29,NA,0,NA,1,NA,0,NA
Central African Republic,CAF,2023-01-01,31,NA,0,NA,1,NA,0,NA
Central African Republic,CAF,2023-01-29,37,NA,0,NA,2,NA,0,NA
Central African Republic,CAF,2023-02-19,41,NA,1,NA,2,NA,0,NA
Central African Republic,CAF,2023-04-16,45,NA,1,NA,0,NA,0,NA
Central African Republic,CAF,2023-05-21,45,NA,1,NA,0,NA,0,NA
Central African Republic,CAF,2023-08-13,45,NA,1,NA,0,NA,0,NA
Central African Republic,CAF,2023-09-17,45,NA,1,NA,0,NA,0,NA
Central African Republic,CAF,2023-10-22,45,NA,1,NA,0,NA,0,NA
Central African Republic,CAF,2024-03-24,63,79,1,0,2,5,0,0
Central African Republic,CAF,2024-04-21,66,100,1,0,0,8,0,0
Central African Republic,CAF,2024-05-26,66,118,1,0,0,8,0,0
Central African Republic,CAF,2024-07-14,73,140,1,0,1,3,0,0
Congo,COG,2022-05-01,2,NA,0,NA,0,NA,0,NA
Congo,COG,2022-06-05,2,NA,0,NA,0,NA,0,NA
Congo,COG,2022-10-02,5,NA,0,NA,0,NA,0,NA
Congo,COG,2022-12-25,5,NA,0,NA,0,NA,0,NA
Congo,COG,2023-01-29,5,NA,0,NA,0,NA,0,NA
Congo,COG,2023-04-23,5,NA,0,NA,0,NA,0,NA
Congo,COG,2023-05-28,5,NA,0,NA,0,NA,0,NA
Congo,COG,2023-07-02,5,NA,0,NA,0,NA,0,NA
Congo,COG,2023-11-05,25,NA,2,NA,0,NA,0,NA
Congo,COG,2023-12-03,26,NA,2,NA,0,NA,0,NA
Congo,COG,2024-01-07,26,0,2,0,0,0,0,0
Congo,COG,2024-04-07,45,77,2,0,0,2,0,0
Central African Republic,CAF,2024-09-15,97,285,2,1,3,0,0,0
Cameroon,CMR,2024-09-15,51,54,5,2,0,0,0,0
Benin,BEN,2024-09-15,3,NA,0,NA,0,NA,0,NA
Gabon,GAB,2024-09-15,2,15,0,0,0,0,0,0
Liberia,LBR,2024-09-15,28,85,0,0,2,0,0,0
Ghana,GHA,2024-09-15,127,NA,4,NA,0,NA,0,NA
Guinea,GIN,2024-09-15,1,30,0,0,0,0,0,0
Rwanda,RWA,2024-09-15,4,4,0,0,0,0,0,0
Morocco,MAR,2024-09-15,6,0,0,0,1,0,0,0
South Africa,ZAF,2024-09-15,30,25,3,3,0,0,0,0
Uganda,UGA,2024-09-15,11,120,0,0,0,0,0,0
Burundi,BDI,2024-09-15,564,1557,0,0,179,197,0,0
Kenya,KEN,2024-09-15,5,115,0,0,0,0,0,0
Nigeria,NGA,2024-09-15,916,935,9,0,0,0,0,0
Côte d’Ivoire,CIV,2024-09-15,45,176,1,0,0,4,0,0
Mozambique,MOZ,2024-09-15,1,NA,1,NA,0,NA,0,NA
Democratic Republic of the Congo,COD,2024-09-15,6644,25757,27,806,118,1573,0,30
Ghana,GHA,2023-02-12,123,NA,4,NA,0,NA,0,NA
Ghana,GHA,2023-05-14,127,NA,4,NA,1,NA,0,NA
Ghana,GHA,2023-07-09,127,NA,4,NA,0,NA,0,NA
Ghana,GHA,2023-08-13,127,NA,4,NA,0,NA,0,NA
Ghana,GHA,2023-09-17,127,NA,4,NA,0,NA,0,NA
Ghana,GHA,2023-12-10,127,NA,4,NA,0,NA,0,NA
Ghana,GHA,2024-01-14,127,NA,4,NA,0,NA,0,NA
Ghana,GHA,2024-04-07,127,NA,4,NA,0,NA,0,NA
Ghana,GHA,2024-05-12,127,NA,4,NA,0,NA,0,NA
Ghana,GHA,2022-03-06,2,NA,0,NA,1,NA,0,NA
Ghana,GHA,2022-03-13,2,NA,0,NA,0,NA,0,NA
Ghana,GHA,2022-06-12,19,NA,0,NA,11,NA,0,NA
Ghana,GHA,2022-07-03,29,NA,0,NA,6,NA,0,NA
Ghana,GHA,2022-08-14,67,NA,1,NA,12,NA,0,NA
Ghana,GHA,2022-10-16,105,NA,4,NA,1,NA,0,NA
Ghana,GHA,2022-10-23,105,NA,4,NA,0,NA,0,NA
Ghana,GHA,2022-11-13,107,NA,4,NA,0,NA,0,NA
Ghana,GHA,2022-12-25,121,NA,4,NA,5,NA,0,NA
Ghana,GHA,2023-01-29,123,NA,4,NA,0,NA,0,NA
Ghana,GHA,2023-03-05,123,NA,4,NA,0,NA,0,NA
Ghana,GHA,2023-04-02,124,NA,4,NA,0,NA,0,NA
Ghana,GHA,2023-04-30,125,NA,4,NA,0,NA,0,NA
Ghana,GHA,2023-05-21,127,NA,4,NA,0,NA,0,NA
Ghana,GHA,2023-06-25,127,NA,4,NA,0,NA,0,NA
Ghana,GHA,2023-07-30,127,NA,4,NA,0,NA,0,NA
Ghana,GHA,2023-10-22,127,NA,4,NA,0,NA,0,NA
Central African Republic,CAF,2022-01-23,4,NA,0,NA,0,NA,0,NA
Central African Republic,CAF,2022-01-30,5,NA,0,NA,1,NA,0,NA
Central African Republic,CAF,2022-07-10,19,NA,0,NA,0,NA,0,NA
Central African Republic,CAF,2022-10-02,25,NA,0,NA,0,NA,0,NA
Central African Republic,CAF,2022-11-06,28,NA,0,NA,0,NA,0,NA
Central African Republic,CAF,2023-01-22,35,NA,0,NA,0,NA,0,NA
Central African Republic,CAF,2023-02-12,39,NA,1,NA,2,NA,1,NA
Central African Republic,CAF,2023-05-07,45,NA,1,NA,0,NA,0,NA
Central African Republic,CAF,2023-06-11,45,NA,1,NA,0,NA,0,NA
Central African Republic,CAF,2023-07-16,45,NA,1,NA,0,NA,0,NA
Central African Republic,CAF,2023-10-08,45,NA,1,NA,0,NA,0,NA
Central African Republic,CAF,2023-11-12,45,NA,1,NA,0,NA,0,NA
Central African Republic,CAF,2023-12-31,47,NA,1,NA,1,NA,0,NA
Central African Republic,CAF,2024-01-07,47,4,1,0,0,4,0,0
Central African Republic,CAF,2024-02-04,53,36,1,0,1,9,0,0
Central African Republic,CAF,2024-02-18,57,58,1,0,3,15,0,0
Central African Republic,CAF,2024-05-12,66,107,1,0,0,3,0,0
Central African Republic,CAF,2024-07-07,72,137,1,0,1,1,0,0
Ghana,GHA,2024-08-04,127,NA,4,NA,0,NA,0,NA
Ghana,GHA,2023-11-26,127,NA,4,NA,0,NA,0,NA
Ghana,GHA,2024-02-18,127,NA,4,NA,0,NA,0,NA
Ghana,GHA,2024-03-24,127,NA,4,NA,0,NA,0,NA
Ghana,GHA,2024-06-16,127,NA,4,NA,0,NA,0,NA
Ghana,GHA,2024-07-21,127,NA,4,NA,0,NA,0,NA
Liberia,LBR,2022-08-21,3,NA,0,NA,0,NA,0,NA
Liberia,LBR,2022-09-25,3,NA,0,NA,0,NA,0,NA
Liberia,LBR,2022-12-18,6,NA,0,NA,0,NA,0,NA
Liberia,LBR,2023-01-22,6,NA,0,NA,0,NA,0,NA
Liberia,LBR,2023-03-12,9,NA,0,NA,0,NA,0,NA
Liberia,LBR,2023-03-19,10,NA,0,NA,1,NA,0,NA
Liberia,LBR,2023-04-09,10,NA,0,NA,0,NA,0,NA
Liberia,LBR,2023-08-06,12,NA,0,NA,0,NA,0,NA
Liberia,LBR,2023-09-10,12,NA,0,NA,0,NA,0,NA
Liberia,LBR,2024-03-03,20,17,0,0,0,0,0,0
Liberia,LBR,2024-04-28,22,36,0,0,0,0,0,0
Liberia,LBR,2024-06-02,22,36,0,0,0,0,0,0
Liberia,LBR,2024-07-21,22,47,0,0,0,0,0,0
Congo,COG,2022-05-15,2,NA,0,NA,0,NA,0,NA
Congo,COG,2022-08-07,2,NA,0,NA,0,NA,0,NA
Congo,COG,2022-08-14,3,NA,0,NA,1,NA,0,NA
Congo,COG,2022-09-04,3,NA,0,NA,0,NA,0,NA
Congo,COG,2022-12-04,5,NA,0,NA,0,NA,0,NA
Congo,COG,2023-01-08,5,NA,0,NA,0,NA,0,NA
Congo,COG,2023-04-02,5,NA,0,NA,0,NA,0,NA
Congo,COG,2023-05-07,5,NA,0,NA,0,NA,0,NA
Congo,COG,2023-07-30,5,NA,0,NA,0,NA,0,NA
Congo,COG,2024-02-04,30,11,2,0,0,2,0,0
Congo,COG,2024-02-25,37,43,2,0,2,7,0,0
Congo,COG,2024-04-21,45,78,2,0,0,1,0,0
Congo,COG,2024-07-14,45,150,2,0,0,1,0,0
Liberia,LBR,2022-08-07,2,NA,0,NA,1,NA,0,NA
Liberia,LBR,2022-10-30,3,NA,0,NA,0,NA,0,NA
Liberia,LBR,2023-01-29,7,NA,0,NA,1,NA,0,NA
Liberia,LBR,2023-03-26,10,NA,0,NA,0,NA,0,NA
Liberia,LBR,2023-04-23,12,NA,0,NA,2,NA,0,NA
Liberia,LBR,2023-06-18,12,NA,0,NA,0,NA,0,NA
Liberia,LBR,2023-07-23,12,NA,0,NA,0,NA,0,NA
Liberia,LBR,2023-10-15,12,NA,0,NA,0,NA,0,NA
Liberia,LBR,2023-12-10,17,NA,0,NA,0,NA,0,NA
Nigeria,NGA,2022-07-31,157,NA,3,NA,24,NA,0,NA
Nigeria,NGA,2022-10-02,481,NA,7,NA,25,NA,0,NA
Nigeria,NGA,2023-06-18,843,NA,9,NA,0,NA,0,NA
Nigeria,NGA,2023-10-15,846,NA,9,NA,0,NA,0,NA
Nigeria,NGA,2024-01-07,861,5,9,0,0,5,0,0
Nigeria,NGA,2024-02-25,867,151,9,0,0,41,0,0
Nigeria,NGA,2024-03-17,873,254,9,0,2,21,0,0
Nigeria,NGA,2024-04-14,881,389,9,0,1,26,0,0
Nigeria,NGA,2024-05-05,885,439,9,0,2,18,0,0
Nigeria,NGA,2024-06-23,892,610,9,0,1,6,0,0
Benin,BEN,2022-07-24,3,NA,0,NA,0,NA,0,NA
Benin,BEN,2022-08-28,3,NA,0,NA,0,NA,0,NA
Benin,BEN,2022-10-02,3,NA,0,NA,0,NA,0,NA
Benin,BEN,2022-12-25,3,NA,0,NA,0,NA,0,NA
Benin,BEN,2023-01-29,3,NA,0,NA,0,NA,0,NA
Benin,BEN,2023-04-23,3,NA,0,NA,0,NA,0,NA
Benin,BEN,2023-05-28,3,NA,0,NA,0,NA,0,NA
Benin,BEN,2023-08-20,3,NA,0,NA,0,NA,0,NA
Benin,BEN,2023-09-24,3,NA,0,NA,0,NA,0,NA
Benin,BEN,2023-10-29,3,NA,0,NA,0,NA,0,NA
Benin,BEN,2024-01-21,3,NA,0,NA,0,NA,0,NA
Benin,BEN,2024-02-25,3,NA,0,NA,0,NA,0,NA
Benin,BEN,2024-05-19,3,NA,0,NA,0,NA,0,NA
Benin,BEN,2024-06-23,3,NA,0,NA,0,NA,0,NA
Mozambique,MOZ,2022-10-30,1,NA,1,NA,0,NA,0,NA
Mozambique,MOZ,2022-12-04,1,NA,1,NA,0,NA,0,NA
Mozambique,MOZ,2023-02-26,1,NA,1,NA,0,NA,0,NA
Mozambique,MOZ,2023-04-02,1,NA,1,NA,0,NA,0,NA
Mozambique,MOZ,2023-06-25,1,NA,1,NA,0,NA,0,NA
Mozambique,MOZ,2023-07-30,1,NA,1,NA,0,NA,0,NA
Mozambique,MOZ,2023-10-22,1,NA,1,NA,0,NA,0,NA
Mozambique,MOZ,2023-11-26,1,NA,1,NA,0,NA,0,NA
Mozambique,MOZ,2023-12-31,1,NA,1,NA,0,NA,0,NA
Mozambique,MOZ,2024-03-24,1,NA,1,NA,0,NA,0,NA
Mozambique,MOZ,2024-04-28,1,NA,1,NA,0,NA,0,NA
Mozambique,MOZ,2024-07-21,1,NA,1,NA,0,NA,0,NA
Nigeria,NGA,2022-01-23,3,NA,0,NA,1,NA,0,NA
Nigeria,NGA,2022-02-20,4,NA,0,NA,1,NA,0,NA
Nigeria,NGA,2022-04-10,13,NA,1,NA,2,NA,1,NA
Nigeria,NGA,2022-08-21,241,NA,6,NA,21,NA,2,NA
Nigeria,NGA,2023-06-11,843,NA,9,NA,1,NA,0,NA
Nigeria,NGA,2023-08-06,846,NA,9,NA,0,NA,0,NA
Nigeria,NGA,2023-09-10,846,NA,9,NA,0,NA,0,NA
Nigeria,NGA,2023-12-17,860,NA,9,NA,1,NA,0,NA
Nigeria,NGA,2024-01-21,861,24,9,0,0,14,0,0
Nigeria,NGA,2024-04-28,883,421,9,0,2,12,0,0
Nigeria,NGA,2024-05-26,887,513,9,0,2,13,0,0
Nigeria,NGA,2024-07-14,898,698,9,0,0,34,0,0
Democratic Republic of the Congo,COD,2022-06-19,100,NA,0,NA,90,NA,0,NA
Democratic Republic of the Congo,COD,2022-09-04,174,NA,0,NA,0,NA,0,NA
Democratic Republic of the Congo,COD,2022-10-02,202,NA,0,NA,2,NA,0,NA
Democratic Republic of the Congo,COD,2023-02-19,420,NA,0,NA,33,NA,0,NA
Democratic Republic of the Congo,COD,2023-02-26,420,NA,0,NA,0,NA,0,NA
Democratic Republic of the Congo,COD,2023-05-07,604,NA,1,NA,46,NA,1,NA
Democratic Republic of the Congo,COD,2023-06-11,675,NA,2,NA,1,NA,0,NA
Democratic Republic of the Congo,COD,2023-08-20,868,NA,2,NA,8,NA,0,NA
Democratic Republic of the Congo,COD,2023-08-27,880,NA,2,NA,12,NA,0,NA
Democratic Republic of the Congo,COD,2023-09-17,899,NA,2,NA,10,NA,0,NA
Democratic Republic of the Congo,COD,2023-11-05,1075,NA,2,NA,29,NA,0,NA
Democratic Republic of the Congo,COD,2024-05-12,2587,6942,10,365,161,584,1,16
Democratic Republic of the Congo,COD,2024-07-14,4643,12708,22,486,275,981,0,24
Democratic Republic of the Congo,COD,2024-07-28,5079,14640,27,540,214,943,3,28
Democratic Republic of the Congo,COD,2024-08-04,5342,15838,27,574,263,1198,0,34
Benin,BEN,2022-08-21,3,NA,0,NA,0,NA,0,NA
Benin,BEN,2022-09-25,3,NA,0,NA,0,NA,0,NA
Benin,BEN,2022-12-18,3,NA,0,NA,0,NA,0,NA
Benin,BEN,2023-01-22,3,NA,0,NA,0,NA,0,NA
Benin,BEN,2023-02-26,3,NA,0,NA,0,NA,0,NA
Benin,BEN,2023-05-21,3,NA,0,NA,0,NA,0,NA
Benin,BEN,2023-06-25,3,NA,0,NA,0,NA,0,NA
Benin,BEN,2023-09-17,3,NA,0,NA,0,NA,0,NA
Benin,BEN,2023-10-22,3,NA,0,NA,0,NA,0,NA
Benin,BEN,2024-01-14,3,NA,0,NA,0,NA,0,NA
Benin,BEN,2024-02-18,3,NA,0,NA,0,NA,0,NA
Benin,BEN,2024-03-24,3,NA,0,NA,0,NA,0,NA
Benin,BEN,2024-06-16,3,NA,0,NA,0,NA,0,NA
Benin,BEN,2024-07-21,3,NA,0,NA,0,NA,0,NA
Burundi,BDI,2024-08-04,40,193,0,0,31,173,0,0
Cameroon,CMR,2022-04-10,3,NA,1,NA,0,NA,0,NA
Cameroon,CMR,2022-05-08,4,NA,1,NA,0,NA,0,NA
Cameroon,CMR,2022-09-04,8,NA,3,NA,0,NA,0,NA
Cameroon,CMR,2022-11-20,18,NA,3,NA,0,NA,0,NA
Cameroon,CMR,2023-02-12,18,NA,3,NA,0,NA,0,NA
Cameroon,CMR,2023-03-19,18,NA,3,NA,0,NA,0,NA
Cameroon,CMR,2023-04-23,18,NA,3,NA,0,NA,0,NA
Cameroon,CMR,2023-05-21,30,NA,3,NA,12,NA,0,NA
Cameroon,CMR,2023-06-25,41,NA,3,NA,1,NA,0,NA
Cameroon,CMR,2023-08-27,43,NA,3,NA,0,NA,0,NA
Cameroon,CMR,2023-09-24,44,NA,3,NA,0,NA,0,NA
Cameroon,CMR,2023-10-22,45,NA,3,NA,0,NA,0,NA
Cameroon,CMR,2024-01-14,47,4,4,1,2,4,1,1
Cameroon,CMR,2024-02-18,47,11,4,1,0,1,0,0
Cameroon,CMR,2024-06-09,50,29,5,2,0,0,0,0
Cameroon,CMR,2024-07-14,50,34,5,2,0,3,0,0
Central African Republic,CAF,2022-01-09,1,NA,0,NA,1,NA,0,NA
Central African Republic,CAF,2022-04-24,19,NA,0,NA,0,NA,0,NA
Central African Republic,CAF,2022-05-29,19,NA,0,NA,0,NA,0,NA
Central African Republic,CAF,2022-07-24,21,NA,0,NA,0,NA,0,NA
Central African Republic,CAF,2022-11-13,28,NA,0,NA,0,NA,0,NA
Central African Republic,CAF,2022-12-18,30,NA,0,NA,1,NA,0,NA
Central African Republic,CAF,2023-02-05,37,NA,0,NA,0,NA,0,NA
Central African Republic,CAF,2023-02-26,41,NA,1,NA,0,NA,0,NA
Central African Republic,CAF,2023-04-30,45,NA,1,NA,0,NA,0,NA
Central African Republic,CAF,2023-07-23,45,NA,1,NA,0,NA,0,NA
Central African Republic,CAF,2023-08-27,45,NA,1,NA,0,NA,0,NA
Central African Republic,CAF,2023-11-19,45,NA,1,NA,0,NA,0,NA
Central African Republic,CAF,2024-03-10,61,68,1,0,0,4,0,0
Central African Republic,CAF,2024-05-05,66,104,1,0,0,2,0,0
Central African Republic,CAF,2024-06-02,66,121,1,0,0,3,0,0
Central African Republic,CAF,2024-07-21,78,165,1,0,5,25,0,0
Central African Republic,CAF,2024-08-04,90,233,2,1,2,30,0,0
Congo,COG,2022-04-24,2,NA,0,NA,2,NA,0,NA
Congo,COG,2022-05-22,2,NA,0,NA,0,NA,0,NA
Congo,COG,2022-06-26,2,NA,0,NA,0,NA,0,NA
Congo,COG,2022-07-31,2,NA,0,NA,0,NA,0,NA
Congo,COG,2022-08-28,3,NA,0,NA,0,NA,0,NA
Congo,COG,2022-09-18,5,NA,0,NA,0,NA,0,NA
Congo,COG,2022-10-23,5,NA,0,NA,0,NA,0,NA
Congo,COG,2023-01-15,5,NA,0,NA,0,NA,0,NA
Congo,COG,2023-02-19,5,NA,0,NA,0,NA,0,NA
Congo,COG,2023-03-26,5,NA,0,NA,0,NA,0,NA
Congo,COG,2023-06-18,5,NA,0,NA,0,NA,0,NA
Congo,COG,2023-07-23,5,NA,0,NA,0,NA,0,NA
Congo,COG,2023-08-13,6,NA,0,NA,1,NA,0,NA
Congo,COG,2023-10-29,25,NA,2,NA,2,NA,0,NA
Congo,COG,2023-12-24,26,NA,2,NA,0,NA,0,NA
Congo,COG,2024-06-02,45,140,2,0,0,2,0,0
Congo,COG,2024-07-07,45,149,2,0,0,1,0,0
Democratic Republic of the Congo,COD,2022-06-26,100,NA,0,NA,0,NA,0,NA
Democratic Republic of the Congo,COD,2022-07-31,100,NA,0,NA,0,NA,0,NA
Democratic Republic of the Congo,COD,2022-09-11,174,NA,0,NA,0,NA,0,NA
Democratic Republic of the Congo,COD,2022-12-25,279,NA,0,NA,2,NA,0,NA
Democratic Republic of the Congo,COD,2023-01-15,333,NA,0,NA,17,NA,0,NA
Democratic Republic of the Congo,COD,2023-05-28,643,NA,2,NA,2,NA,0,NA
Democratic Republic of the Congo,COD,2023-06-25,734,NA,2,NA,34,NA,0,NA
Democratic Republic of the Congo,COD,2023-07-02,759,NA,2,NA,25,NA,0,NA
Democratic Republic of the Congo,COD,2024-01-21,1358,828,3,71,50,277,0,22
Democratic Republic of the Congo,COD,2024-02-04,1492,1575,3,135,43,406,0,35
Democratic Republic of the Congo,COD,2024-02-18,1622,2642,3,221,59,547,0,37
Democratic Republic of the Congo,COD,2024-03-10,1790,4006,4,283,48,381,0,8
Democratic Republic of the Congo,COD,2024-03-31,1949,4850,4,312,50,273,0,5
Democratic Republic of the Congo,COD,2024-04-14,2097,5400,5,325,76,258,0,4
Democratic Republic of the Congo,COD,2024-06-16,3631,9440,18,418,201,589,2,12
Ghana,GHA,2022-05-29,2,NA,0,NA,0,NA,0,NA
Ghana,GHA,2022-07-31,51,NA,1,NA,14,NA,1,NA
Ghana,GHA,2022-08-07,55,NA,1,NA,4,NA,0,NA
Ghana,GHA,2022-09-18,95,NA,4,NA,3,NA,0,NA
Ghana,GHA,2023-01-01,121,NA,4,NA,0,NA,0,NA
Ghana,GHA,2023-02-26,123,NA,4,NA,0,NA,0,NA
Ghana,GHA,2023-03-26,124,NA,4,NA,0,NA,0,NA
Ghana,GHA,2023-04-23,125,NA,4,NA,0,NA,0,NA
Ghana,GHA,2023-06-18,127,NA,4,NA,0,NA,0,NA
Ghana,GHA,2023-07-23,127,NA,4,NA,0,NA,0,NA
Ghana,GHA,2023-10-15,127,NA,4,NA,0,NA,0,NA
Ghana,GHA,2023-11-19,127,NA,4,NA,0,NA,0,NA
Ghana,GHA,2023-12-24,127,NA,4,NA,0,NA,0,NA
Ghana,GHA,2024-03-17,127,NA,4,NA,0,NA,0,NA
Ghana,GHA,2024-04-21,127,NA,4,NA,0,NA,0,NA
Ghana,GHA,2022-04-17,2,NA,0,NA,0,NA,0,NA
Ghana,GHA,2022-05-22,2,NA,0,NA,0,NA,0,NA
Ghana,GHA,2022-06-05,8,NA,0,NA,6,NA,0,NA
Ghana,GHA,2022-12-18,116,NA,4,NA,0,NA,0,NA
Ghana,GHA,2023-01-08,121,NA,4,NA,0,NA,0,NA
Ghana,GHA,2023-04-09,125,NA,4,NA,1,NA,0,NA
Ghana,GHA,2023-05-07,126,NA,4,NA,1,NA,0,NA
Ghana,GHA,2023-06-11,127,NA,4,NA,0,NA,0,NA
Ghana,GHA,2023-09-03,127,NA,4,NA,0,NA,0,NA
Ghana,GHA,2023-10-08,127,NA,4,NA,0,NA,0,NA
Ghana,GHA,2023-12-31,127,NA,4,NA,0,NA,0,NA
Central African Republic,CAF,2024-08-25,94,272,2,1,2,7,0,0
Congo,COG,2024-09-01,47,184,2,0,0,0,0,0
Central African Republic,CAF,2024-09-01,94,278,2,1,0,6,0,0
Nigeria,NGA,2024-09-01,916,935,9,0,5,54,0,0
Benin,BEN,2024-09-01,3,NA,0,NA,0,NA,0,NA
Benin,BEN,2024-09-08,3,NA,0,NA,0,NA,0,NA
Côte d’Ivoire,CIV,2024-08-25,41,108,1,0,8,52,0,0
Côte d’Ivoire,CIV,2024-09-08,45,172,1,0,0,4,0,0
Côte d’Ivoire,CIV,2024-09-01,45,168,1,0,4,60,0,0
Democratic Republic of the Congo,COD,2024-09-01,6392,22604,27,737,300,1998,0,51
Guinea,GIN,2024-09-08,1,30,0,0,0,25,0,0
Mozambique,MOZ,2024-08-25,1,NA,1,NA,0,NA,0,NA
Mozambique,MOZ,2024-09-08,1,NA,1,NA,0,NA,0,NA
Benin,BEN,2023-11-19,3,NA,0,NA,0,NA,0,NA
Benin,BEN,2024-02-11,3,NA,0,NA,0,NA,0,NA
Benin,BEN,2024-03-17,3,NA,0,NA,0,NA,0,NA
Benin,BEN,2024-06-09,3,NA,0,NA,0,NA,0,NA
Benin,BEN,2024-07-14,3,NA,0,NA,0,NA,0,NA
Cameroon,CMR,2022-04-24,3,NA,1,NA,0,NA,0,NA
Cameroon,CMR,2022-05-01,4,NA,1,NA,1,NA,0,NA
Cameroon,CMR,2022-05-22,4,NA,1,NA,0,NA,0,NA
Cameroon,CMR,2022-07-24,8,NA,1,NA,0,NA,0,NA
Cameroon,CMR,2022-08-14,8,NA,3,NA,0,NA,0,NA
Cameroon,CMR,2022-12-04,18,NA,3,NA,0,NA,0,NA
Cameroon,CMR,2023-01-08,18,NA,3,NA,0,NA,0,NA
Cameroon,CMR,2023-04-02,18,NA,3,NA,0,NA,0,NA
Cameroon,CMR,2023-05-07,18,NA,3,NA,0,NA,0,NA
Cameroon,CMR,2023-05-28,31,NA,3,NA,1,NA,0,NA
Cameroon,CMR,2023-06-18,40,NA,3,NA,0,NA,0,NA
Cameroon,CMR,2023-08-06,43,NA,3,NA,0,NA,0,NA
Cameroon,CMR,2023-11-05,45,NA,3,NA,0,NA,0,NA
Cameroon,CMR,2023-12-10,45,NA,3,NA,0,NA,0,NA
Cameroon,CMR,2024-03-03,47,15,4,1,0,3,0,0
Cameroon,CMR,2024-05-05,50,26,5,2,0,0,0,0
Cameroon,CMR,2024-07-28,50,34,5,2,0,0,0,0
Central African Republic,CAF,2022-01-16,4,NA,0,NA,3,NA,0,NA
Central African Republic,CAF,2022-03-13,12,NA,0,NA,0,NA,0,NA
Central African Republic,CAF,2022-07-03,19,NA,0,NA,0,NA,0,NA
Central African Republic,CAF,2022-07-31,22,NA,0,NA,1,NA,0,NA
Central African Republic,CAF,2022-08-07,22,NA,0,NA,0,NA,0,NA
Central African Republic,CAF,2022-09-04,23,NA,0,NA,0,NA,0,NA
Central African Republic,CAF,2022-10-30,28,NA,0,NA,0,NA,0,NA
Central African Republic,CAF,2022-12-25,30,NA,0,NA,0,NA,0,NA
Cameroon,CMR,2022-04-17,3,NA,1,NA,0,NA,0,NA
Cameroon,CMR,2022-05-15,4,NA,1,NA,0,NA,0,NA
Cameroon,CMR,2022-06-05,5,NA,1,NA,1,NA,0,NA
Cameroon,CMR,2022-06-12,5,NA,1,NA,0,NA,0,NA
Cameroon,CMR,2022-07-03,8,NA,1,NA,2,NA,0,NA
Cameroon,CMR,2022-09-25,10,NA,3,NA,1,NA,0,NA
Cameroon,CMR,2022-10-02,10,NA,3,NA,0,NA,0,NA
Cameroon,CMR,2022-11-27,18,NA,3,NA,0,NA,0,NA
Cameroon,CMR,2023-02-19,18,NA,3,NA,0,NA,0,NA
Cameroon,CMR,2023-03-26,18,NA,3,NA,0,NA,0,NA
Cameroon,CMR,2023-10-29,45,NA,3,NA,0,NA,0,NA
Cameroon,CMR,2024-01-21,47,7,4,1,0,3,0,0
Cameroon,CMR,2024-05-12,50,27,5,2,0,1,0,0
Cameroon,CMR,2024-06-16,50,29,5,2,0,0,0,0
Cameroon,CMR,2022-03-06,1,NA,0,NA,1,NA,0,NA
Cameroon,CMR,2022-03-27,3,NA,1,NA,0,NA,0,NA
Cameroon,CMR,2022-05-29,4,NA,1,NA,0,NA,0,NA
Cameroon,CMR,2022-07-31,8,NA,1,NA,0,NA,0,NA
Cameroon,CMR,2022-08-21,8,NA,3,NA,0,NA,0,NA
Cameroon,CMR,2022-09-18,9,NA,3,NA,0,NA,0,NA
Cameroon,CMR,2022-10-23,12,NA,3,NA,0,NA,0,NA
Cameroon,CMR,2022-11-13,18,NA,3,NA,2,NA,0,NA
Cameroon,CMR,2022-12-11,18,NA,3,NA,0,NA,0,NA
Cameroon,CMR,2023-01-15,18,NA,3,NA,0,NA,0,NA
Cameroon,CMR,2023-04-09,18,NA,3,NA,0,NA,0,NA
Cameroon,CMR,2023-05-14,18,NA,3,NA,0,NA,0,NA
Cameroon,CMR,2023-06-11,40,NA,3,NA,8,NA,0,NA
Cameroon,CMR,2023-08-13,43,NA,3,NA,0,NA,0,NA
Cameroon,CMR,2023-11-12,45,NA,3,NA,0,NA,0,NA
Cameroon,CMR,2023-12-17,45,NA,3,NA,0,NA,0,NA
Cameroon,CMR,2024-02-04,47,9,4,1,0,1,0,0
Cameroon,CMR,2024-03-10,47,16,4,1,0,1,0,0
Cameroon,CMR,2024-06-30,50,30,5,2,0,1,0,0
Cameroon,CMR,2024-08-04,50,34,5,2,0,0,0,0
Central African Republic,CAF,2022-02-06,6,NA,0,NA,1,NA,0,NA
Central African Republic,CAF,2022-02-20,12,NA,0,NA,4,NA,0,NA
Central African Republic,CAF,2022-02-27,12,NA,0,NA,0,NA,0,NA
Central African Republic,CAF,2022-03-20,16,NA,0,NA,4,NA,0,NA
Central African Republic,CAF,2022-05-15,19,NA,0,NA,0,NA,0,NA
Central African Republic,CAF,2022-06-19,19,NA,0,NA,0,NA,0,NA
Central African Republic,CAF,2022-07-17,21,NA,0,NA,2,NA,0,NA
Central African Republic,CAF,2022-08-14,23,NA,0,NA,1,NA,0,NA
Central African Republic,CAF,2022-09-11,24,NA,0,NA,1,NA,0,NA
Central African Republic,CAF,2022-09-18,24,NA,0,NA,0,NA,0,NA
Central African Republic,CAF,2022-12-04,28,NA,0,NA,0,NA,0,NA
Central African Republic,CAF,2023-03-12,43,NA,1,NA,2,NA,0,NA
Central African Republic,CAF,2023-06-04,45,NA,1,NA,0,NA,0,NA
Central African Republic,CAF,2023-07-09,45,NA,1,NA,0,NA,0,NA
Central African Republic,CAF,2023-10-01,45,NA,1,NA,0,NA,0,NA
Central African Republic,CAF,2023-11-05,45,NA,1,NA,0,NA,0,NA
Central African Republic,CAF,2023-12-10,45,NA,1,NA,0,NA,0,NA
Central African Republic,CAF,2024-01-21,51,19,1,0,4,3,0,0
Central African Republic,CAF,2024-06-30,71,136,1,0,1,4,0,0
Central African Republic,CAF,2024-07-28,88,203,2,1,10,38,1,1
Congo,COG,2022-07-10,2,NA,0,NA,0,NA,0,NA
Congo,COG,2022-11-06,5,NA,0,NA,0,NA,0,NA
Congo,COG,2022-12-11,5,NA,0,NA,0,NA,0,NA
Congo,COG,2023-03-05,5,NA,0,NA,0,NA,0,NA
Congo,COG,2023-04-09,5,NA,0,NA,0,NA,0,NA
Congo,COG,2023-05-14,5,NA,0,NA,0,NA,0,NA
Congo,COG,2023-08-06,5,NA,0,NA,0,NA,0,NA
Congo,COG,2023-08-27,12,NA,0,NA,4,NA,0,NA
Congo,COG,2024-03-24,45,75,2,0,0,4,0,0
Congo,COG,2024-04-28,45,81,2,0,0,3,0,0
Congo,COG,2024-07-21,45,154,2,0,0,4,0,0
Central African Republic,CAF,2022-03-06,12,NA,0,NA,0,NA,0,NA
Central African Republic,CAF,2022-03-27,18,NA,0,NA,2,NA,0,NA
Central African Republic,CAF,2022-05-22,19,NA,0,NA,0,NA,0,NA
Central African Republic,CAF,2022-06-26,19,NA,0,NA,0,NA,0,NA
Central African Republic,CAF,2023-01-08,33,NA,0,NA,2,NA,0,NA
Central African Republic,CAF,2023-03-26,45,NA,1,NA,2,NA,0,NA
Central African Republic,CAF,2023-04-23,45,NA,1,NA,0,NA,0,NA
Central African Republic,CAF,2023-05-28,45,NA,1,NA,0,NA,0,NA
Central African Republic,CAF,2023-08-20,45,NA,1,NA,0,NA,0,NA
Central African Republic,CAF,2023-09-24,45,NA,1,NA,0,NA,0,NA
Central African Republic,CAF,2023-12-17,45,NA,1,NA,0,NA,0,NA
Central African Republic,CAF,2023-12-24,46,NA,1,NA,1,NA,0,NA
Central African Republic,CAF,2024-02-25,61,60,1,0,4,2,0,0
Central African Republic,CAF,2024-03-03,61,64,1,0,0,4,0,0
Central African Republic,CAF,2024-04-28,66,102,1,0,0,2,0,0
Central African Republic,CAF,2024-06-23,70,132,1,0,2,5,0,0
Congo,COG,2022-05-29,2,NA,0,NA,0,NA,0,NA
Congo,COG,2022-07-03,2,NA,0,NA,0,NA,0,NA
Congo,COG,2022-09-25,5,NA,0,NA,0,NA,0,NA
Congo,COG,2022-10-30,5,NA,0,NA,0,NA,0,NA
Congo,COG,2023-01-22,5,NA,0,NA,0,NA,0,NA
Congo,COG,2023-02-26,5,NA,0,NA,0,NA,0,NA
Congo,COG,2023-05-21,5,NA,0,NA,0,NA,0,NA
Congo,COG,2023-06-25,5,NA,0,NA,0,NA,0,NA
Congo,COG,2023-08-20,8,NA,0,NA,2,NA,0,NA
Congo,COG,2023-09-10,17,NA,0,NA,4,NA,0,NA
Congo,COG,2023-10-08,19,NA,1,NA,1,NA,1,NA
Congo,COG,2023-11-26,26,NA,2,NA,0,NA,0,NA
Congo,COG,2023-12-31,26,NA,2,NA,0,NA,0,NA
Congo,COG,2024-01-21,28,5,2,0,1,2,0,0
Congo,COG,2024-05-05,45,88,2,0,0,7,0,0
Congo,COG,2024-06-09,45,143,2,0,0,3,0,0
Benin,BEN,2022-06-26,3,NA,0,NA,3,NA,0,NA
Benin,BEN,2022-07-31,3,NA,0,NA,0,NA,0,NA
Benin,BEN,2022-09-04,3,NA,0,NA,0,NA,0,NA
Benin,BEN,2022-11-27,3,NA,0,NA,0,NA,0,NA
Benin,BEN,2023-01-01,3,NA,0,NA,0,NA,0,NA
Benin,BEN,2023-03-26,3,NA,0,NA,0,NA,0,NA
Benin,BEN,2023-04-30,3,NA,0,NA,0,NA,0,NA
Benin,BEN,2023-06-04,3,NA,0,NA,0,NA,0,NA
Benin,BEN,2023-08-27,3,NA,0,NA,0,NA,0,NA
Benin,BEN,2023-10-01,3,NA,0,NA,0,NA,0,NA
Benin,BEN,2023-12-24,3,NA,0,NA,0,NA,0,NA
Benin,BEN,2024-01-28,3,NA,0,NA,0,NA,0,NA
Benin,BEN,2024-04-21,3,NA,0,NA,0,NA,0,NA
Benin,BEN,2024-05-26,3,NA,0,NA,0,NA,0,NA
Benin,BEN,2024-06-30,3,NA,0,NA,0,NA,0,NA
Cameroon,CMR,2022-03-13,2,NA,1,NA,1,NA,1,NA
Cameroon,CMR,2022-10-09,10,NA,3,NA,0,NA,0,NA
Cameroon,CMR,2023-01-22,18,NA,3,NA,0,NA,0,NA
Cameroon,CMR,2023-02-26,18,NA,3,NA,0,NA,0,NA
Cameroon,CMR,2023-07-30,43,NA,3,NA,1,NA,0,NA
Cameroon,CMR,2023-12-24,45,NA,3,NA,0,NA,0,NA
Cameroon,CMR,2024-01-28,47,8,4,1,0,1,0,0
Cameroon,CMR,2024-04-14,50,25,5,2,2,2,1,1
Cameroon,CMR,2024-05-19,50,27,5,2,0,0,0,0
Cameroon,CMR,2024-06-23,50,29,5,2,0,0,0,0
Central African Republic,CAF,2022-02-13,8,NA,0,NA,2,NA,0,NA
Central African Republic,CAF,2022-04-10,18,NA,0,NA,0,NA,0,NA
Central African Republic,CAF,2022-05-08,19,NA,0,NA,0,NA,0,NA
Central African Republic,CAF,2022-08-28,23,NA,0,NA,0,NA,0,NA
Central African Republic,CAF,2022-10-23,28,NA,0,NA,0,NA,0,NA
Central African Republic,CAF,2022-11-27,28,NA,0,NA,0,NA,0,NA
Central African Republic,CAF,2023-01-15,35,NA,0,NA,2,NA,0,NA
Benin,BEN,2022-07-10,3,NA,0,NA,0,NA,0,NA
Benin,BEN,2022-08-14,3,NA,0,NA,0,NA,0,NA
Benin,BEN,2022-11-06,3,NA,0,NA,0,NA,0,NA
Benin,BEN,2022-12-11,3,NA,0,NA,0,NA,0,NA
Benin,BEN,2023-03-05,3,NA,0,NA,0,NA,0,NA
Benin,BEN,2023-04-09,3,NA,0,NA,0,NA,0,NA
Benin,BEN,2023-07-02,3,NA,0,NA,0,NA,0,NA
Democratic Republic of the Congo,COD,2022-06-12,10,NA,0,NA,0,NA,0,NA
Democratic Republic of the Congo,COD,2022-07-17,100,NA,0,NA,0,NA,0,NA
Democratic Republic of the Congo,COD,2022-08-21,149,NA,0,NA,0,NA,0,NA
Democratic Republic of the Congo,COD,2022-09-25,200,NA,0,NA,10,NA,0,NA
Democratic Republic of the Congo,COD,2022-10-09,228,NA,0,NA,26,NA,0,NA
Democratic Republic of the Congo,COD,2022-12-11,275,NA,0,NA,0,NA,0,NA
Democratic Republic of the Congo,COD,2023-06-04,674,NA,2,NA,31,NA,0,NA
Democratic Republic of the Congo,COD,2023-07-23,828,NA,2,NA,11,NA,0,NA
Democratic Republic of the Congo,COD,2023-12-03,1178,NA,2,NA,7,NA,0,NA
Democratic Republic of the Congo,COD,2023-12-24,1230,NA,2,NA,30,NA,0,NA
Democratic Republic of the Congo,COD,2024-01-14,1308,551,3,49,40,296,1,26
Democratic Republic of the Congo,COD,2024-02-11,1563,2095,3,184,71,520,0,49
Democratic Republic of the Congo,COD,2024-04-07,2021,5142,5,321,72,292,1,9
Democratic Republic of the Congo,COD,2024-05-19,2740,7396,12,371,153,454,2,6
Central African Republic,CAF,2023-04-09,45,NA,1,NA,0,NA,0,NA
Central African Republic,CAF,2023-07-02,45,NA,1,NA,0,NA,0,NA
Central African Republic,CAF,2023-08-06,45,NA,1,NA,0,NA,0,NA
Central African Republic,CAF,2023-10-29,45,NA,1,NA,0,NA,0,NA
Congo,COG,2024-03-10,45,61,2,0,8,16,0,0
Congo,COG,2024-03-17,45,71,2,0,0,10,0,0
Democratic Republic of the Congo,COD,2022-07-24,100,NA,0,NA,0,NA,0,NA
Democratic Republic of the Congo,COD,2022-08-14,149,NA,0,NA,49,NA,0,NA
Democratic Republic of the Congo,COD,2022-10-30,251,NA,0,NA,1,NA,0,NA
Democratic Republic of the Congo,COD,2022-11-13,258,NA,0,NA,6,NA,0,NA
Democratic Republic of the Congo,COD,2022-11-27,272,NA,0,NA,10,NA,0,NA
Democratic Republic of the Congo,COD,2022-12-04,275,NA,0,NA,3,NA,0,NA
Democratic Republic of the Congo,COD,2023-01-01,279,NA,0,NA,0,NA,0,NA
Democratic Republic of the Congo,COD,2023-01-08,316,NA,0,NA,37,NA,0,NA
Democratic Republic of the Congo,COD,2023-01-22,355,NA,0,NA,22,NA,0,NA
Democratic Republic of the Congo,COD,2023-01-29,377,NA,0,NA,22,NA,0,NA
Democratic Republic of the Congo,COD,2023-03-12,441,NA,0,NA,0,NA,0,NA
Democratic Republic of the Congo,COD,2023-04-02,453,NA,0,NA,2,NA,0,NA
Democratic Republic of the Congo,COD,2023-04-16,556,NA,0,NA,39,NA,0,NA
Democratic Republic of the Congo,COD,2023-04-23,556,NA,0,NA,0,NA,0,NA
Democratic Republic of the Congo,COD,2023-08-06,849,NA,2,NA,15,NA,0,NA
Democratic Republic of the Congo,COD,2023-10-01,925,NA,2,NA,14,NA,0,NA
Democratic Republic of the Congo,COD,2023-10-15,982,NA,2,NA,30,NA,0,NA
Democratic Republic of the Congo,COD,2023-12-31,1245,NA,2,NA,15,NA,0,NA
Democratic Republic of the Congo,COD,2024-02-25,1673,3255,3,261,51,613,0,40
Democratic Republic of the Congo,COD,2024-04-28,2241,5918,8,337,77,261,2,5
Congo,COG,2024-03-31,45,75,2,0,0,0,0,0
Congo,COG,2024-06-23,45,148,2,0,0,3,0,0
Congo,COG,2024-07-28,45,160,2,0,0,6,0,0
Benin,BEN,2023-08-06,3,NA,0,NA,0,NA,0,NA
Benin,BEN,2023-09-10,3,NA,0,NA,0,NA,0,NA
Benin,BEN,2023-12-03,3,NA,0,NA,0,NA,0,NA
Benin,BEN,2024-01-07,3,NA,0,NA,0,NA,0,NA
Benin,BEN,2024-03-31,3,NA,0,NA,0,NA,0,NA
Benin,BEN,2024-05-05,3,NA,0,NA,0,NA,0,NA
Benin,BEN,2024-07-28,3,NA,0,NA,0,NA,0,NA
Democratic Republic of the Congo,COD,2022-05-29,10,NA,0,NA,0,NA,0,NA
Democratic Republic of the Congo,COD,2023-09-10,889,NA,2,NA,3,NA,0,NA
Democratic Republic of the Congo,COD,2023-10-29,1046,NA,2,NA,35,NA,0,NA
Democratic Republic of the Congo,COD,2024-03-03,1742,3625,4,275,69,370,1,14
Democratic Republic of the Congo,COD,2024-06-02,3181,8291,15,395,228,427,2,12
Democratic Republic of the Congo,COD,2024-06-23,3867,10035,18,425,236,595,0,7
Democratic Republic of the Congo,COD,2024-06-30,4113,10855,22,435,246,820,4,10
Cameroon,CMR,2022-06-19,6,NA,1,NA,1,NA,0,NA
Cameroon,CMR,2022-06-26,6,NA,1,NA,0,NA,0,NA
Cameroon,CMR,2022-07-17,8,NA,1,NA,0,NA,0,NA
Cameroon,CMR,2022-10-30,16,NA,3,NA,4,NA,0,NA
Cameroon,CMR,2022-11-06,16,NA,3,NA,0,NA,0,NA
Cameroon,CMR,2023-01-01,18,NA,3,NA,0,NA,0,NA
Cameroon,CMR,2023-02-05,18,NA,3,NA,0,NA,0,NA
Cameroon,CMR,2023-04-30,18,NA,3,NA,0,NA,0,NA
Cameroon,CMR,2023-07-09,41,NA,3,NA,0,NA,0,NA
Liberia,LBR,2024-01-14,18,4,0,0,1,4,0,0
Liberia,LBR,2024-01-21,18,4,0,0,0,0,0,0
Liberia,LBR,2024-05-12,22,36,0,0,0,0,0,0
Liberia,LBR,2024-06-16,22,36,0,0,0,0,0,0
Mozambique,MOZ,2022-11-20,1,NA,1,NA,0,NA,0,NA
Mozambique,MOZ,2022-12-25,1,NA,1,NA,0,NA,0,NA
Mozambique,MOZ,2023-03-19,1,NA,1,NA,0,NA,0,NA
Mozambique,MOZ,2023-04-23,1,NA,1,NA,0,NA,0,NA
Mozambique,MOZ,2023-07-16,1,NA,1,NA,0,NA,0,NA
Mozambique,MOZ,2023-08-20,1,NA,1,NA,0,NA,0,NA
Mozambique,MOZ,2023-09-24,1,NA,1,NA,0,NA,0,NA
Mozambique,MOZ,2023-12-17,1,NA,1,NA,0,NA,0,NA
Mozambique,MOZ,2024-01-21,1,NA,1,NA,0,NA,0,NA
Mozambique,MOZ,2024-04-14,1,NA,1,NA,0,NA,0,NA
Mozambique,MOZ,2024-05-19,1,NA,1,NA,0,NA,0,NA
Nigeria,NGA,2022-01-16,2,NA,0,NA,1,NA,0,NA
Nigeria,NGA,2022-05-01,15,NA,1,NA,1,NA,0,NA
Nigeria,NGA,2022-07-10,101,NA,3,NA,17,NA,0,NA
